Archive Date,Hospital Group,Hospital HIPE,Hospital Name,Specialty HIPE,SpecialtyName,AgeProfile,AdultOrChild,CaseType,WL Type,Time Bands,Total
24/09/2020,Dublin Midlands Hospital Group,102,Naas General Hospital,2600,GeneralSurgery,16-64,Adult,DayCase,GI Scope,  0-3 Months,135
24/09/2020,Dublin Midlands Hospital Group,102,Naas General Hospital,2600,GeneralSurgery,65+,Adult,DayCase,GI Scope,  0-3 Months,31
24/09/2020,Dublin Midlands Hospital Group,102,Naas General Hospital,2600,GeneralSurgery,65+,Adult,DayCase,GI Scope,  3-6 Months,13
24/09/2020,Dublin Midlands Hospital Group,102,Naas General Hospital,2600,GeneralSurgery,65+,Adult,DayCase,GI Scope,  6-9 Months,21
24/09/2020,Dublin Midlands Hospital Group,102,Naas General Hospital,2600,GeneralSurgery,65+,Adult,DayCase,GI Scope,  9-12 Months,25
24/09/2020,Dublin Midlands Hospital Group,102,Naas General Hospital,2600,GeneralSurgery,65+,Adult,DayCase,GI Scope, 12-15 Months,8
24/09/2020,Dublin Midlands Hospital Group,102,Naas General Hospital,2600,GeneralSurgery,65+,Adult,DayCase,GI Scope, 15-18 Months,3
24/09/2020,Dublin Midlands Hospital Group,102,Naas General Hospital,2600,GeneralSurgery,65+,Adult,DayCase,GI Scope,18+ Months,11
24/09/2020,Dublin Midlands Hospital Group,102,Naas General Hospital,2600,GeneralSurgery,16-64,Adult,Inpatient,GI Scope,  0-3 Months,1
24/09/2020,Dublin Midlands Hospital Group,102,Naas General Hospital,2600,GeneralSurgery,16-64,Adult,Inpatient,GI Scope,  9-12 Months,1
24/09/2020,Dublin Midlands Hospital Group,102,Naas General Hospital,2600,GeneralSurgery,16-64,Adult,Inpatient,GI Scope, 12-15 Months,1
24/09/2020,Dublin Midlands Hospital Group,102,Naas General Hospital,2600,GeneralSurgery,16-64,Adult,Inpatient,GI Scope,18+ Months,4
24/09/2020,Dublin Midlands Hospital Group,102,Naas General Hospital,2600,GeneralSurgery,65+,Adult,Inpatient,GI Scope,18+ Months,4
24/09/2020,Dublin Midlands Hospital Group,102,Naas General Hospital,5000,GeneralMedicine,16-64,Adult,DayCase,GI Scope,  0-3 Months,128
24/09/2020,Dublin Midlands Hospital Group,102,Naas General Hospital,5000,GeneralMedicine,16-64,Adult,DayCase,GI Scope,  3-6 Months,68
24/09/2020,Dublin Midlands Hospital Group,102,Naas General Hospital,5000,GeneralMedicine,16-64,Adult,DayCase,GI Scope,  6-9 Months,125
24/09/2020,Dublin Midlands Hospital Group,102,Naas General Hospital,5000,GeneralMedicine,16-64,Adult,DayCase,GI Scope,  9-12 Months,114
24/09/2020,Dublin Midlands Hospital Group,102,Naas General Hospital,5000,GeneralMedicine,16-64,Adult,DayCase,GI Scope, 12-15 Months,115
24/09/2020,Dublin Midlands Hospital Group,102,Naas General Hospital,5000,GeneralMedicine,16-64,Adult,DayCase,GI Scope, 15-18 Months,18
24/09/2020,Dublin Midlands Hospital Group,102,Naas General Hospital,5000,GeneralMedicine,16-64,Adult,DayCase,GI Scope,18+ Months,42
24/09/2020,Dublin Midlands Hospital Group,102,Naas General Hospital,5000,GeneralMedicine,65+,Adult,DayCase,GI Scope,  0-3 Months,40
24/09/2020,Dublin Midlands Hospital Group,102,Naas General Hospital,5000,GeneralMedicine,65+,Adult,DayCase,GI Scope,  3-6 Months,30
24/09/2020,Dublin Midlands Hospital Group,102,Naas General Hospital,5000,GeneralMedicine,65+,Adult,DayCase,GI Scope,  6-9 Months,43
24/09/2020,Dublin Midlands Hospital Group,102,Naas General Hospital,5000,GeneralMedicine,65+,Adult,DayCase,GI Scope,  9-12 Months,41
24/09/2020,Dublin Midlands Hospital Group,102,Naas General Hospital,5000,GeneralMedicine,65+,Adult,DayCase,GI Scope, 12-15 Months,28
24/09/2020,Dublin Midlands Hospital Group,102,Naas General Hospital,5000,GeneralMedicine,65+,Adult,DayCase,GI Scope, 15-18 Months,4
24/09/2020,Dublin Midlands Hospital Group,102,Naas General Hospital,5000,GeneralMedicine,65+,Adult,DayCase,GI Scope,18+ Months,7
24/09/2020,Dublin Midlands Hospital Group,102,Naas General Hospital,5000,GeneralMedicine,16-64,Adult,Inpatient,GI Scope,  6-9 Months,1
24/09/2020,Dublin Midlands Hospital Group,102,Naas General Hospital,5000,GeneralMedicine,16-64,Adult,Inpatient,GI Scope,18+ Months,3
24/09/2020,Dublin Midlands Hospital Group,201,Midland Regional Hospital Portlaoise,2600,GeneralSurgery,16-64,Adult,DayCase,GI Scope,  0-3 Months,139
24/09/2020,Dublin Midlands Hospital Group,201,Midland Regional Hospital Portlaoise,2600,GeneralSurgery,16-64,Adult,DayCase,GI Scope,  3-6 Months,68
24/09/2020,Dublin Midlands Hospital Group,201,Midland Regional Hospital Portlaoise,2600,GeneralSurgery,16-64,Adult,DayCase,GI Scope,  6-9 Months,110
24/09/2020,Dublin Midlands Hospital Group,201,Midland Regional Hospital Portlaoise,2600,GeneralSurgery,16-64,Adult,DayCase,GI Scope,  9-12 Months,87
24/09/2020,Dublin Midlands Hospital Group,201,Midland Regional Hospital Portlaoise,2600,GeneralSurgery,16-64,Adult,DayCase,GI Scope, 12-15 Months,34
24/09/2020,Dublin Midlands Hospital Group,201,Midland Regional Hospital Portlaoise,2600,GeneralSurgery,16-64,Adult,DayCase,GI Scope, 15-18 Months,29
24/09/2020,Dublin Midlands Hospital Group,201,Midland Regional Hospital Portlaoise,2600,GeneralSurgery,16-64,Adult,DayCase,GI Scope,18+ Months,27
24/09/2020,Dublin Midlands Hospital Group,201,Midland Regional Hospital Portlaoise,2600,GeneralSurgery,65+,Adult,DayCase,GI Scope,  0-3 Months,36
24/09/2020,Dublin Midlands Hospital Group,201,Midland Regional Hospital Portlaoise,2600,GeneralSurgery,65+,Adult,DayCase,GI Scope,  3-6 Months,16
24/09/2020,Dublin Midlands Hospital Group,201,Midland Regional Hospital Portlaoise,2600,GeneralSurgery,65+,Adult,DayCase,GI Scope,  6-9 Months,21
24/09/2020,Dublin Midlands Hospital Group,201,Midland Regional Hospital Portlaoise,2600,GeneralSurgery,65+,Adult,DayCase,GI Scope,  9-12 Months,19
24/09/2020,Dublin Midlands Hospital Group,201,Midland Regional Hospital Portlaoise,2600,GeneralSurgery,65+,Adult,DayCase,GI Scope, 12-15 Months,14
24/09/2020,Dublin Midlands Hospital Group,201,Midland Regional Hospital Portlaoise,2600,GeneralSurgery,65+,Adult,DayCase,GI Scope, 15-18 Months,7
24/09/2020,Dublin Midlands Hospital Group,201,Midland Regional Hospital Portlaoise,2600,GeneralSurgery,65+,Adult,DayCase,GI Scope,18+ Months,7
24/09/2020,Dublin Midlands Hospital Group,201,Midland Regional Hospital Portlaoise,2600,GeneralSurgery,16-64,Adult,Inpatient,GI Scope,  0-3 Months,2
24/09/2020,Dublin Midlands Hospital Group,201,Midland Regional Hospital Portlaoise,2600,GeneralSurgery,16-64,Adult,Inpatient,GI Scope,  6-9 Months,1
24/09/2020,Dublin Midlands Hospital Group,201,Midland Regional Hospital Portlaoise,2600,GeneralSurgery,16-64,Adult,Inpatient,GI Scope,18+ Months,1
24/09/2020,Dublin Midlands Hospital Group,201,Midland Regional Hospital Portlaoise,2600,GeneralSurgery,65+,Adult,Inpatient,GI Scope,  0-3 Months,1
24/09/2020,Dublin Midlands Hospital Group,201,Midland Regional Hospital Portlaoise,2600,GeneralSurgery,65+,Adult,Inpatient,GI Scope,  6-9 Months,2
24/09/2020,Dublin Midlands Hospital Group,201,Midland Regional Hospital Portlaoise,2600,GeneralSurgery,65+,Adult,Inpatient,GI Scope,  9-12 Months,1
24/09/2020,Dublin Midlands Hospital Group,203,Midland Regional Hospital Tullamore,2600,GeneralSurgery,16-64,Adult,DayCase,GI Scope,  0-3 Months,58
24/09/2020,Dublin Midlands Hospital Group,203,Midland Regional Hospital Tullamore,2600,GeneralSurgery,16-64,Adult,DayCase,GI Scope,  3-6 Months,12
24/09/2020,Dublin Midlands Hospital Group,203,Midland Regional Hospital Tullamore,2600,GeneralSurgery,16-64,Adult,DayCase,GI Scope,  6-9 Months,25
24/09/2020,Dublin Midlands Hospital Group,203,Midland Regional Hospital Tullamore,2600,GeneralSurgery,16-64,Adult,DayCase,GI Scope,  9-12 Months,2
24/09/2020,Dublin Midlands Hospital Group,203,Midland Regional Hospital Tullamore,2600,GeneralSurgery,65+,Adult,DayCase,GI Scope,  0-3 Months,46
24/09/2020,Dublin Midlands Hospital Group,203,Midland Regional Hospital Tullamore,2600,GeneralSurgery,65+,Adult,DayCase,GI Scope,  3-6 Months,19
24/09/2020,Dublin Midlands Hospital Group,203,Midland Regional Hospital Tullamore,2600,GeneralSurgery,65+,Adult,DayCase,GI Scope,  6-9 Months,7
24/09/2020,Dublin Midlands Hospital Group,203,Midland Regional Hospital Tullamore,2600,GeneralSurgery,65+,Adult,DayCase,GI Scope,  9-12 Months,3
24/09/2020,Dublin Midlands Hospital Group,203,Midland Regional Hospital Tullamore,5000,GeneralMedicine,16-64,Adult,DayCase,GI Scope,  0-3 Months,48
24/09/2020,Dublin Midlands Hospital Group,203,Midland Regional Hospital Tullamore,5000,GeneralMedicine,16-64,Adult,DayCase,GI Scope,  3-6 Months,7
24/09/2020,Dublin Midlands Hospital Group,203,Midland Regional Hospital Tullamore,5000,GeneralMedicine,16-64,Adult,DayCase,GI Scope,  6-9 Months,48
24/09/2020,Dublin Midlands Hospital Group,203,Midland Regional Hospital Tullamore,5000,GeneralMedicine,16-64,Adult,DayCase,GI Scope,  9-12 Months,2
24/09/2020,Dublin Midlands Hospital Group,203,Midland Regional Hospital Tullamore,5000,GeneralMedicine,65+,Adult,DayCase,GI Scope,  0-3 Months,19
24/09/2020,Dublin Midlands Hospital Group,203,Midland Regional Hospital Tullamore,5000,GeneralMedicine,65+,Adult,DayCase,GI Scope,  3-6 Months,2
24/09/2020,Dublin Midlands Hospital Group,203,Midland Regional Hospital Tullamore,5000,GeneralMedicine,65+,Adult,DayCase,GI Scope,  6-9 Months,10
24/09/2020,Dublin Midlands Hospital Group,203,Midland Regional Hospital Tullamore,5000,GeneralMedicine,65+,Adult,DayCase,GI Scope,  9-12 Months,2
24/09/2020,Dublin Midlands Hospital Group,203,Midland Regional Hospital Tullamore,5000,GeneralMedicine,16-64,Adult,Inpatient,GI Scope,  0-3 Months,1
24/09/2020,Dublin Midlands Hospital Group,904,St. James's Hospital,2600,GeneralSurgery,16-64,Adult,DayCase,GI Scope,  0-3 Months,116
24/09/2020,Dublin Midlands Hospital Group,904,St. James's Hospital,2600,GeneralSurgery,16-64,Adult,DayCase,GI Scope,  3-6 Months,87
24/09/2020,Dublin Midlands Hospital Group,904,St. James's Hospital,2600,GeneralSurgery,16-64,Adult,DayCase,GI Scope,  6-9 Months,151
24/09/2020,Dublin Midlands Hospital Group,904,St. James's Hospital,2600,GeneralSurgery,16-64,Adult,DayCase,GI Scope,  9-12 Months,65
24/09/2020,Dublin Midlands Hospital Group,904,St. James's Hospital,2600,GeneralSurgery,16-64,Adult,DayCase,GI Scope, 12-15 Months,23
24/09/2020,Dublin Midlands Hospital Group,904,St. James's Hospital,2600,GeneralSurgery,16-64,Adult,DayCase,GI Scope, 15-18 Months,5
24/09/2020,Dublin Midlands Hospital Group,904,St. James's Hospital,2600,GeneralSurgery,16-64,Adult,DayCase,GI Scope,18+ Months,4
24/09/2020,Dublin Midlands Hospital Group,904,St. James's Hospital,2600,GeneralSurgery,65+,Adult,DayCase,GI Scope,  0-3 Months,49
24/09/2020,Dublin Midlands Hospital Group,904,St. James's Hospital,2600,GeneralSurgery,65+,Adult,DayCase,GI Scope,  3-6 Months,51
24/09/2020,Dublin Midlands Hospital Group,904,St. James's Hospital,2600,GeneralSurgery,65+,Adult,DayCase,GI Scope,  6-9 Months,86
24/09/2020,Dublin Midlands Hospital Group,904,St. James's Hospital,2600,GeneralSurgery,65+,Adult,DayCase,GI Scope,  9-12 Months,30
24/09/2020,Dublin Midlands Hospital Group,904,St. James's Hospital,2600,GeneralSurgery,65+,Adult,DayCase,GI Scope, 12-15 Months,22
24/09/2020,Dublin Midlands Hospital Group,904,St. James's Hospital,2600,GeneralSurgery,65+,Adult,DayCase,GI Scope, 15-18 Months,6
24/09/2020,Dublin Midlands Hospital Group,904,St. James's Hospital,2600,GeneralSurgery,65+,Adult,DayCase,GI Scope,18+ Months,3
24/09/2020,Dublin Midlands Hospital Group,904,St. James's Hospital,2600,GeneralSurgery,16-64,Adult,Inpatient,GI Scope,  0-3 Months,1
24/09/2020,Dublin Midlands Hospital Group,904,St. James's Hospital,2600,GeneralSurgery,16-64,Adult,Inpatient,GI Scope,  9-12 Months,3
24/09/2020,Dublin Midlands Hospital Group,904,St. James's Hospital,2600,GeneralSurgery,65+,Adult,Inpatient,GI Scope,  0-3 Months,2
24/09/2020,Dublin Midlands Hospital Group,904,St. James's Hospital,2600,GeneralSurgery,65+,Adult,Inpatient,GI Scope,  6-9 Months,3
24/09/2020,Dublin Midlands Hospital Group,904,St. James's Hospital,2600,GeneralSurgery,65+,Adult,Inpatient,GI Scope,  9-12 Months,1
24/09/2020,Dublin Midlands Hospital Group,904,St. James's Hospital,5000,GeneralMedicine,65+,Adult,DayCase,GI Scope,  9-12 Months,1
24/09/2020,Dublin Midlands Hospital Group,1270,Tallaght University Hospital,2600,GeneralSurgery,16-64,Adult,DayCase,GI Scope,  0-3 Months,120
24/09/2020,Dublin Midlands Hospital Group,1270,Tallaght University Hospital,2600,GeneralSurgery,16-64,Adult,DayCase,GI Scope,  3-6 Months,103
24/09/2020,Dublin Midlands Hospital Group,1270,Tallaght University Hospital,2600,GeneralSurgery,16-64,Adult,DayCase,GI Scope,  6-9 Months,106
24/09/2020,Dublin Midlands Hospital Group,1270,Tallaght University Hospital,2600,GeneralSurgery,16-64,Adult,DayCase,GI Scope,  9-12 Months,92
24/09/2020,Dublin Midlands Hospital Group,1270,Tallaght University Hospital,2600,GeneralSurgery,16-64,Adult,DayCase,GI Scope, 12-15 Months,68
24/09/2020,Dublin Midlands Hospital Group,1270,Tallaght University Hospital,2600,GeneralSurgery,16-64,Adult,DayCase,GI Scope, 15-18 Months,70
24/09/2020,Dublin Midlands Hospital Group,1270,Tallaght University Hospital,2600,GeneralSurgery,16-64,Adult,DayCase,GI Scope,18+ Months,44
24/09/2020,Dublin Midlands Hospital Group,1270,Tallaght University Hospital,2600,GeneralSurgery,65+,Adult,DayCase,GI Scope,  0-3 Months,60
24/09/2020,Dublin Midlands Hospital Group,1270,Tallaght University Hospital,2600,GeneralSurgery,65+,Adult,DayCase,GI Scope,  3-6 Months,40
24/09/2020,Dublin Midlands Hospital Group,1270,Tallaght University Hospital,2600,GeneralSurgery,65+,Adult,DayCase,GI Scope,  6-9 Months,46
24/09/2020,Dublin Midlands Hospital Group,1270,Tallaght University Hospital,2600,GeneralSurgery,65+,Adult,DayCase,GI Scope,  9-12 Months,45
24/09/2020,Dublin Midlands Hospital Group,1270,Tallaght University Hospital,2600,GeneralSurgery,65+,Adult,DayCase,GI Scope, 12-15 Months,26
24/09/2020,Dublin Midlands Hospital Group,1270,Tallaght University Hospital,2600,GeneralSurgery,65+,Adult,DayCase,GI Scope, 15-18 Months,26
24/09/2020,Dublin Midlands Hospital Group,1270,Tallaght University Hospital,2600,GeneralSurgery,65+,Adult,DayCase,GI Scope,18+ Months,13
24/09/2020,Dublin Midlands Hospital Group,1270,Tallaght University Hospital,2600,GeneralSurgery,65+,Adult,Inpatient,GI Scope,  6-9 Months,1
24/09/2020,Ireland East Hospital Group,101,St. Columcille's Hospital,2600,GeneralSurgery,16-64,Adult,DayCase,GI Scope,  0-3 Months,46
24/09/2020,Ireland East Hospital Group,101,St. Columcille's Hospital,2600,GeneralSurgery,16-64,Adult,DayCase,GI Scope,  3-6 Months,30
24/09/2020,Ireland East Hospital Group,101,St. Columcille's Hospital,2600,GeneralSurgery,16-64,Adult,DayCase,GI Scope,  6-9 Months,31
24/09/2020,Ireland East Hospital Group,101,St. Columcille's Hospital,2600,GeneralSurgery,16-64,Adult,DayCase,GI Scope,  9-12 Months,14
24/09/2020,Ireland East Hospital Group,101,St. Columcille's Hospital,2600,GeneralSurgery,16-64,Adult,DayCase,GI Scope, 12-15 Months,8
24/09/2020,Ireland East Hospital Group,101,St. Columcille's Hospital,2600,GeneralSurgery,16-64,Adult,DayCase,GI Scope, 15-18 Months,2
24/09/2020,Ireland East Hospital Group,101,St. Columcille's Hospital,2600,GeneralSurgery,16-64,Adult,DayCase,GI Scope,18+ Months,1
24/09/2020,Ireland East Hospital Group,101,St. Columcille's Hospital,2600,GeneralSurgery,65+,Adult,DayCase,GI Scope,  0-3 Months,13
24/09/2020,Ireland East Hospital Group,101,St. Columcille's Hospital,2600,GeneralSurgery,65+,Adult,DayCase,GI Scope,  3-6 Months,3
24/09/2020,Ireland East Hospital Group,101,St. Columcille's Hospital,2600,GeneralSurgery,65+,Adult,DayCase,GI Scope,  6-9 Months,10
24/09/2020,Ireland East Hospital Group,101,St. Columcille's Hospital,2600,GeneralSurgery,65+,Adult,DayCase,GI Scope,  9-12 Months,6
24/09/2020,Ireland East Hospital Group,101,St. Columcille's Hospital,2600,GeneralSurgery,65+,Adult,DayCase,GI Scope, 12-15 Months,2
24/09/2020,Ireland East Hospital Group,101,St. Columcille's Hospital,2600,GeneralSurgery,65+,Adult,DayCase,GI Scope,18+ Months,7
24/09/2020,Ireland East Hospital Group,202,Midland Regional Hospital Mullingar,2600,GeneralSurgery,16-64,Adult,DayCase,GI Scope,  0-3 Months,57
24/09/2020,Ireland East Hospital Group,202,Midland Regional Hospital Mullingar,2600,GeneralSurgery,16-64,Adult,DayCase,GI Scope,  3-6 Months,16
24/09/2020,Ireland East Hospital Group,202,Midland Regional Hospital Mullingar,2600,GeneralSurgery,16-64,Adult,DayCase,GI Scope,  6-9 Months,73
24/09/2020,Ireland East Hospital Group,202,Midland Regional Hospital Mullingar,2600,GeneralSurgery,16-64,Adult,DayCase,GI Scope,  9-12 Months,3
24/09/2020,Ireland East Hospital Group,202,Midland Regional Hospital Mullingar,2600,GeneralSurgery,16-64,Adult,DayCase,GI Scope, 12-15 Months,1
24/09/2020,Ireland East Hospital Group,202,Midland Regional Hospital Mullingar,2600,GeneralSurgery,16-64,Adult,DayCase,GI Scope, 15-18 Months,2
24/09/2020,Ireland East Hospital Group,202,Midland Regional Hospital Mullingar,2600,GeneralSurgery,65+,Adult,DayCase,GI Scope,  0-3 Months,26
24/09/2020,Ireland East Hospital Group,202,Midland Regional Hospital Mullingar,2600,GeneralSurgery,65+,Adult,DayCase,GI Scope,  3-6 Months,7
24/09/2020,Ireland East Hospital Group,202,Midland Regional Hospital Mullingar,2600,GeneralSurgery,65+,Adult,DayCase,GI Scope,  6-9 Months,18
24/09/2020,Ireland East Hospital Group,202,Midland Regional Hospital Mullingar,2600,GeneralSurgery,65+,Adult,DayCase,GI Scope,  9-12 Months,2
24/09/2020,Ireland East Hospital Group,202,Midland Regional Hospital Mullingar,2600,GeneralSurgery,65+,Adult,DayCase,GI Scope, 12-15 Months,5
24/09/2020,Ireland East Hospital Group,202,Midland Regional Hospital Mullingar,2600,GeneralSurgery,0-15,Child,Inpatient,GI Scope,  6-9 Months,1
24/09/2020,Ireland East Hospital Group,202,Midland Regional Hospital Mullingar,5000,GeneralMedicine,16-64,Adult,DayCase,GI Scope,  0-3 Months,43
24/09/2020,Ireland East Hospital Group,202,Midland Regional Hospital Mullingar,5000,GeneralMedicine,16-64,Adult,DayCase,GI Scope,  3-6 Months,24
24/09/2020,Ireland East Hospital Group,202,Midland Regional Hospital Mullingar,5000,GeneralMedicine,16-64,Adult,DayCase,GI Scope,  6-9 Months,78
24/09/2020,Ireland East Hospital Group,202,Midland Regional Hospital Mullingar,5000,GeneralMedicine,16-64,Adult,DayCase,GI Scope,  9-12 Months,38
24/09/2020,Ireland East Hospital Group,202,Midland Regional Hospital Mullingar,5000,GeneralMedicine,65+,Adult,DayCase,GI Scope,  0-3 Months,18
24/09/2020,Ireland East Hospital Group,202,Midland Regional Hospital Mullingar,5000,GeneralMedicine,65+,Adult,DayCase,GI Scope,  3-6 Months,18
24/09/2020,Ireland East Hospital Group,202,Midland Regional Hospital Mullingar,5000,GeneralMedicine,65+,Adult,DayCase,GI Scope,  6-9 Months,21
24/09/2020,Ireland East Hospital Group,202,Midland Regional Hospital Mullingar,5000,GeneralMedicine,65+,Adult,DayCase,GI Scope,  9-12 Months,8
24/09/2020,Ireland East Hospital Group,403,Our Lady's Hospital Navan,2600,GeneralSurgery,16-64,Adult,DayCase,GI Scope,  0-3 Months,269
24/09/2020,Ireland East Hospital Group,403,Our Lady's Hospital Navan,2600,GeneralSurgery,16-64,Adult,DayCase,GI Scope,  3-6 Months,131
24/09/2020,Ireland East Hospital Group,403,Our Lady's Hospital Navan,2600,GeneralSurgery,16-64,Adult,DayCase,GI Scope,  6-9 Months,214
24/09/2020,Ireland East Hospital Group,403,Our Lady's Hospital Navan,2600,GeneralSurgery,16-64,Adult,DayCase,GI Scope,  9-12 Months,17
24/09/2020,Ireland East Hospital Group,403,Our Lady's Hospital Navan,2600,GeneralSurgery,16-64,Adult,DayCase,GI Scope, 12-15 Months,5
24/09/2020,Ireland East Hospital Group,403,Our Lady's Hospital Navan,2600,GeneralSurgery,65+,Adult,DayCase,GI Scope,  0-3 Months,56
24/09/2020,Ireland East Hospital Group,403,Our Lady's Hospital Navan,2600,GeneralSurgery,65+,Adult,DayCase,GI Scope,  3-6 Months,39
24/09/2020,Ireland East Hospital Group,403,Our Lady's Hospital Navan,2600,GeneralSurgery,65+,Adult,DayCase,GI Scope,  6-9 Months,55
24/09/2020,Ireland East Hospital Group,403,Our Lady's Hospital Navan,2600,GeneralSurgery,65+,Adult,DayCase,GI Scope,  9-12 Months,7
24/09/2020,Ireland East Hospital Group,403,Our Lady's Hospital Navan,2600,GeneralSurgery,65+,Adult,DayCase,GI Scope, 12-15 Months,1
24/09/2020,Ireland East Hospital Group,403,Our Lady's Hospital Navan,2600,GeneralSurgery,65+,Adult,DayCase,GI Scope, 15-18 Months,1
24/09/2020,Ireland East Hospital Group,403,Our Lady's Hospital Navan,2600,GeneralSurgery,16-64,Adult,Inpatient,GI Scope,  6-9 Months,1
24/09/2020,Ireland East Hospital Group,403,Our Lady's Hospital Navan,5000,GeneralMedicine,16-64,Adult,DayCase,GI Scope,  0-3 Months,66
24/09/2020,Ireland East Hospital Group,403,Our Lady's Hospital Navan,5000,GeneralMedicine,16-64,Adult,DayCase,GI Scope,  3-6 Months,29
24/09/2020,Ireland East Hospital Group,403,Our Lady's Hospital Navan,5000,GeneralMedicine,16-64,Adult,DayCase,GI Scope,  6-9 Months,45
24/09/2020,Ireland East Hospital Group,403,Our Lady's Hospital Navan,5000,GeneralMedicine,16-64,Adult,DayCase,GI Scope,  9-12 Months,7
24/09/2020,Ireland East Hospital Group,403,Our Lady's Hospital Navan,5000,GeneralMedicine,16-64,Adult,DayCase,GI Scope, 12-15 Months,2
24/09/2020,Ireland East Hospital Group,403,Our Lady's Hospital Navan,5000,GeneralMedicine,65+,Adult,DayCase,GI Scope,  0-3 Months,22
24/09/2020,Ireland East Hospital Group,403,Our Lady's Hospital Navan,5000,GeneralMedicine,65+,Adult,DayCase,GI Scope,  3-6 Months,15
24/09/2020,Ireland East Hospital Group,403,Our Lady's Hospital Navan,5000,GeneralMedicine,65+,Adult,DayCase,GI Scope,  6-9 Months,18
24/09/2020,Ireland East Hospital Group,403,Our Lady's Hospital Navan,5000,GeneralMedicine,16-64,Adult,Inpatient,GI Scope,  0-3 Months,1
24/09/2020,Ireland East Hospital Group,601,St. Luke's General Hospital Kilkenny,2600,GeneralSurgery,16-64,Adult,DayCase,GI Scope,  0-3 Months,159
24/09/2020,Ireland East Hospital Group,601,St. Luke's General Hospital Kilkenny,2600,GeneralSurgery,16-64,Adult,DayCase,GI Scope,  3-6 Months,77
24/09/2020,Ireland East Hospital Group,601,St. Luke's General Hospital Kilkenny,2600,GeneralSurgery,16-64,Adult,DayCase,GI Scope,  6-9 Months,113
24/09/2020,Ireland East Hospital Group,601,St. Luke's General Hospital Kilkenny,2600,GeneralSurgery,16-64,Adult,DayCase,GI Scope,  9-12 Months,98
24/09/2020,Ireland East Hospital Group,601,St. Luke's General Hospital Kilkenny,2600,GeneralSurgery,16-64,Adult,DayCase,GI Scope, 12-15 Months,21
24/09/2020,Ireland East Hospital Group,601,St. Luke's General Hospital Kilkenny,2600,GeneralSurgery,16-64,Adult,DayCase,GI Scope, 15-18 Months,6
24/09/2020,Ireland East Hospital Group,601,St. Luke's General Hospital Kilkenny,2600,GeneralSurgery,16-64,Adult,DayCase,GI Scope,18+ Months,1
24/09/2020,Ireland East Hospital Group,601,St. Luke's General Hospital Kilkenny,2600,GeneralSurgery,65+,Adult,DayCase,GI Scope,  0-3 Months,55
24/09/2020,Ireland East Hospital Group,601,St. Luke's General Hospital Kilkenny,2600,GeneralSurgery,65+,Adult,DayCase,GI Scope,  3-6 Months,11
24/09/2020,Ireland East Hospital Group,601,St. Luke's General Hospital Kilkenny,2600,GeneralSurgery,65+,Adult,DayCase,GI Scope,  6-9 Months,22
24/09/2020,Ireland East Hospital Group,601,St. Luke's General Hospital Kilkenny,2600,GeneralSurgery,65+,Adult,DayCase,GI Scope,  9-12 Months,27
24/09/2020,Ireland East Hospital Group,601,St. Luke's General Hospital Kilkenny,2600,GeneralSurgery,65+,Adult,DayCase,GI Scope, 12-15 Months,9
24/09/2020,Ireland East Hospital Group,601,St. Luke's General Hospital Kilkenny,2600,GeneralSurgery,65+,Adult,DayCase,GI Scope,18+ Months,1
24/09/2020,Ireland East Hospital Group,601,St. Luke's General Hospital Kilkenny,2600,GeneralSurgery,0-15,Child,DayCase,GI Scope,  6-9 Months,1
24/09/2020,Ireland East Hospital Group,601,St. Luke's General Hospital Kilkenny,5000,GeneralMedicine,16-64,Adult,DayCase,GI Scope,  0-3 Months,2
24/09/2020,Ireland East Hospital Group,601,St. Luke's General Hospital Kilkenny,5000,GeneralMedicine,16-64,Adult,DayCase,GI Scope,  3-6 Months,4
24/09/2020,Ireland East Hospital Group,601,St. Luke's General Hospital Kilkenny,5000,GeneralMedicine,16-64,Adult,DayCase,GI Scope,  6-9 Months,2
24/09/2020,Ireland East Hospital Group,601,St. Luke's General Hospital Kilkenny,5000,GeneralMedicine,65+,Adult,DayCase,GI Scope,  0-3 Months,1
24/09/2020,Ireland East Hospital Group,601,St. Luke's General Hospital Kilkenny,5000,GeneralMedicine,65+,Adult,DayCase,GI Scope,  9-12 Months,1
24/09/2020,Ireland East Hospital Group,605,Wexford General Hospital,2600,GeneralSurgery,16-64,Adult,DayCase,GI Scope,  0-3 Months,153
24/09/2020,Ireland East Hospital Group,605,Wexford General Hospital,2600,GeneralSurgery,16-64,Adult,DayCase,GI Scope,  3-6 Months,67
24/09/2020,Ireland East Hospital Group,605,Wexford General Hospital,2600,GeneralSurgery,16-64,Adult,DayCase,GI Scope,  6-9 Months,105
24/09/2020,Ireland East Hospital Group,605,Wexford General Hospital,2600,GeneralSurgery,16-64,Adult,DayCase,GI Scope,  9-12 Months,90
24/09/2020,Ireland East Hospital Group,605,Wexford General Hospital,2600,GeneralSurgery,16-64,Adult,DayCase,GI Scope, 12-15 Months,34
24/09/2020,Ireland East Hospital Group,605,Wexford General Hospital,2600,GeneralSurgery,16-64,Adult,DayCase,GI Scope, 15-18 Months,3
24/09/2020,Ireland East Hospital Group,605,Wexford General Hospital,2600,GeneralSurgery,65+,Adult,DayCase,GI Scope,  0-3 Months,54
24/09/2020,Ireland East Hospital Group,605,Wexford General Hospital,2600,GeneralSurgery,65+,Adult,DayCase,GI Scope,  3-6 Months,21
24/09/2020,Ireland East Hospital Group,605,Wexford General Hospital,2600,GeneralSurgery,65+,Adult,DayCase,GI Scope,  6-9 Months,49
24/09/2020,Ireland East Hospital Group,605,Wexford General Hospital,2600,GeneralSurgery,65+,Adult,DayCase,GI Scope,  9-12 Months,25
24/09/2020,Ireland East Hospital Group,605,Wexford General Hospital,2600,GeneralSurgery,65+,Adult,DayCase,GI Scope, 12-15 Months,12
24/09/2020,Ireland East Hospital Group,605,Wexford General Hospital,2600,GeneralSurgery,65+,Adult,DayCase,GI Scope, 15-18 Months,1
24/09/2020,Ireland East Hospital Group,605,Wexford General Hospital,2600,GeneralSurgery,16-64,Adult,Inpatient,GI Scope,  3-6 Months,1
24/09/2020,Ireland East Hospital Group,605,Wexford General Hospital,2600,GeneralSurgery,16-64,Adult,Inpatient,GI Scope,  6-9 Months,1
24/09/2020,Ireland East Hospital Group,605,Wexford General Hospital,2600,GeneralSurgery,16-64,Adult,Inpatient,GI Scope,  9-12 Months,1
24/09/2020,Ireland East Hospital Group,605,Wexford General Hospital,5000,GeneralMedicine,16-64,Adult,DayCase,GI Scope,  0-3 Months,83
24/09/2020,Ireland East Hospital Group,605,Wexford General Hospital,5000,GeneralMedicine,16-64,Adult,DayCase,GI Scope,  3-6 Months,33
24/09/2020,Ireland East Hospital Group,605,Wexford General Hospital,5000,GeneralMedicine,16-64,Adult,DayCase,GI Scope,  6-9 Months,32
24/09/2020,Ireland East Hospital Group,605,Wexford General Hospital,5000,GeneralMedicine,16-64,Adult,DayCase,GI Scope,  9-12 Months,2
24/09/2020,Ireland East Hospital Group,605,Wexford General Hospital,5000,GeneralMedicine,65+,Adult,DayCase,GI Scope,  0-3 Months,36
24/09/2020,Ireland East Hospital Group,605,Wexford General Hospital,5000,GeneralMedicine,65+,Adult,DayCase,GI Scope,  3-6 Months,8
24/09/2020,Ireland East Hospital Group,605,Wexford General Hospital,5000,GeneralMedicine,65+,Adult,DayCase,GI Scope,  6-9 Months,12
24/09/2020,Ireland East Hospital Group,605,Wexford General Hospital,5000,GeneralMedicine,65+,Adult,DayCase,GI Scope, 15-18 Months,1
24/09/2020,Ireland East Hospital Group,908,Mater Misericordiae University Hospital,2600,GeneralSurgery,16-64,Adult,DayCase,GI Scope, 12-15 Months,1
24/09/2020,Ireland East Hospital Group,910,St. Vincent's University Hospital,2600,GeneralSurgery,16-64,Adult,DayCase,GI Scope,  0-3 Months,82
24/09/2020,Ireland East Hospital Group,910,St. Vincent's University Hospital,2600,GeneralSurgery,16-64,Adult,DayCase,GI Scope,  3-6 Months,21
24/09/2020,Ireland East Hospital Group,910,St. Vincent's University Hospital,2600,GeneralSurgery,16-64,Adult,DayCase,GI Scope,  6-9 Months,6
24/09/2020,Ireland East Hospital Group,910,St. Vincent's University Hospital,2600,GeneralSurgery,16-64,Adult,DayCase,GI Scope,  9-12 Months,1
24/09/2020,Ireland East Hospital Group,910,St. Vincent's University Hospital,2600,GeneralSurgery,65+,Adult,DayCase,GI Scope,  0-3 Months,27
24/09/2020,Ireland East Hospital Group,910,St. Vincent's University Hospital,2600,GeneralSurgery,65+,Adult,DayCase,GI Scope,  3-6 Months,10
24/09/2020,Ireland East Hospital Group,910,St. Vincent's University Hospital,2600,GeneralSurgery,65+,Adult,DayCase,GI Scope,  6-9 Months,2
24/09/2020,Ireland East Hospital Group,912,St. Michael's Hospital,2600,GeneralSurgery,16-64,Adult,DayCase,GI Scope,  0-3 Months,150
24/09/2020,Ireland East Hospital Group,912,St. Michael's Hospital,2600,GeneralSurgery,16-64,Adult,DayCase,GI Scope,  3-6 Months,45
24/09/2020,Ireland East Hospital Group,912,St. Michael's Hospital,2600,GeneralSurgery,16-64,Adult,DayCase,GI Scope,  6-9 Months,133
24/09/2020,Ireland East Hospital Group,912,St. Michael's Hospital,2600,GeneralSurgery,16-64,Adult,DayCase,GI Scope,  9-12 Months,83
24/09/2020,Ireland East Hospital Group,912,St. Michael's Hospital,2600,GeneralSurgery,16-64,Adult,DayCase,GI Scope, 12-15 Months,11
24/09/2020,Ireland East Hospital Group,912,St. Michael's Hospital,2600,GeneralSurgery,16-64,Adult,DayCase,GI Scope, 15-18 Months,4
24/09/2020,Ireland East Hospital Group,912,St. Michael's Hospital,2600,GeneralSurgery,16-64,Adult,DayCase,GI Scope,18+ Months,1
24/09/2020,Ireland East Hospital Group,912,St. Michael's Hospital,2600,GeneralSurgery,65+,Adult,DayCase,GI Scope,  0-3 Months,38
24/09/2020,Ireland East Hospital Group,912,St. Michael's Hospital,2600,GeneralSurgery,65+,Adult,DayCase,GI Scope,  3-6 Months,15
24/09/2020,Ireland East Hospital Group,912,St. Michael's Hospital,2600,GeneralSurgery,65+,Adult,DayCase,GI Scope,  6-9 Months,40
24/09/2020,Ireland East Hospital Group,912,St. Michael's Hospital,2600,GeneralSurgery,65+,Adult,DayCase,GI Scope,  9-12 Months,10
24/09/2020,Ireland East Hospital Group,912,St. Michael's Hospital,2600,GeneralSurgery,65+,Adult,DayCase,GI Scope, 12-15 Months,1
24/09/2020,Ireland East Hospital Group,912,St. Michael's Hospital,2600,GeneralSurgery,65+,Adult,DayCase,GI Scope, 15-18 Months,1
24/09/2020,Ireland East Hospital Group,912,St. Michael's Hospital,2600,GeneralSurgery,65+,Adult,DayCase,GI Scope,18+ Months,1
24/09/2020,Ireland East Hospital Group,912,St. Michael's Hospital,2600,GeneralSurgery,16-64,Adult,Inpatient,GI Scope,  0-3 Months,2
24/09/2020,Ireland East Hospital Group,912,St. Michael's Hospital,2600,GeneralSurgery,65+,Adult,Inpatient,GI Scope,  6-9 Months,3
24/09/2020,RCSI  Hospitals Group,108,Connolly Hospital Blanchardstown,2600,GeneralSurgery,16-64,Adult,DayCase,GI Scope,  0-3 Months,101
24/09/2020,RCSI  Hospitals Group,108,Connolly Hospital Blanchardstown,2600,GeneralSurgery,16-64,Adult,DayCase,GI Scope,  3-6 Months,22
24/09/2020,RCSI  Hospitals Group,108,Connolly Hospital Blanchardstown,2600,GeneralSurgery,65+,Adult,DayCase,GI Scope,  0-3 Months,19
24/09/2020,RCSI  Hospitals Group,108,Connolly Hospital Blanchardstown,2600,GeneralSurgery,65+,Adult,DayCase,GI Scope,  3-6 Months,4
24/09/2020,RCSI  Hospitals Group,108,Connolly Hospital Blanchardstown,5000,GeneralMedicine,16-64,Adult,DayCase,GI Scope,  0-3 Months,37
24/09/2020,RCSI  Hospitals Group,108,Connolly Hospital Blanchardstown,5000,GeneralMedicine,16-64,Adult,DayCase,GI Scope,  3-6 Months,8
24/09/2020,RCSI  Hospitals Group,108,Connolly Hospital Blanchardstown,5000,GeneralMedicine,16-64,Adult,DayCase,GI Scope,  6-9 Months,2
24/09/2020,RCSI  Hospitals Group,108,Connolly Hospital Blanchardstown,5000,GeneralMedicine,65+,Adult,DayCase,GI Scope,  0-3 Months,17
24/09/2020,RCSI  Hospitals Group,108,Connolly Hospital Blanchardstown,5000,GeneralMedicine,65+,Adult,DayCase,GI Scope,  3-6 Months,5
24/09/2020,RCSI  Hospitals Group,108,Connolly Hospital Blanchardstown,5000,GeneralMedicine,16-64,Adult,Inpatient,GI Scope,  0-3 Months,1
24/09/2020,RCSI  Hospitals Group,400,Louth County Hospital,2600,GeneralSurgery,16-64,Adult,DayCase,GI Scope,  0-3 Months,301
24/09/2020,RCSI  Hospitals Group,400,Louth County Hospital,2600,GeneralSurgery,16-64,Adult,DayCase,GI Scope,  3-6 Months,149
24/09/2020,RCSI  Hospitals Group,400,Louth County Hospital,2600,GeneralSurgery,16-64,Adult,DayCase,GI Scope,  6-9 Months,8
24/09/2020,RCSI  Hospitals Group,400,Louth County Hospital,2600,GeneralSurgery,16-64,Adult,DayCase,GI Scope,  9-12 Months,1
24/09/2020,RCSI  Hospitals Group,400,Louth County Hospital,2600,GeneralSurgery,65+,Adult,DayCase,GI Scope,  0-3 Months,103
24/09/2020,RCSI  Hospitals Group,400,Louth County Hospital,2600,GeneralSurgery,65+,Adult,DayCase,GI Scope,  3-6 Months,36
24/09/2020,RCSI  Hospitals Group,400,Louth County Hospital,2600,GeneralSurgery,65+,Adult,DayCase,GI Scope,  6-9 Months,4
24/09/2020,RCSI  Hospitals Group,400,Louth County Hospital,2600,GeneralSurgery,16-64,Adult,Inpatient,GI Scope,  0-3 Months,1
24/09/2020,RCSI  Hospitals Group,400,Louth County Hospital,5000,GeneralMedicine,16-64,Adult,DayCase,GI Scope,  0-3 Months,138
24/09/2020,RCSI  Hospitals Group,400,Louth County Hospital,5000,GeneralMedicine,16-64,Adult,DayCase,GI Scope,  3-6 Months,59
24/09/2020,RCSI  Hospitals Group,400,Louth County Hospital,5000,GeneralMedicine,65+,Adult,DayCase,GI Scope,  0-3 Months,61
24/09/2020,RCSI  Hospitals Group,400,Louth County Hospital,5000,GeneralMedicine,65+,Adult,DayCase,GI Scope,  3-6 Months,19
24/09/2020,RCSI  Hospitals Group,400,Louth County Hospital,5000,GeneralMedicine,16-64,Adult,Inpatient,GI Scope,  0-3 Months,1
24/09/2020,RCSI  Hospitals Group,400,Louth County Hospital,5000,GeneralMedicine,65+,Adult,Inpatient,GI Scope,  0-3 Months,1
24/09/2020,RCSI  Hospitals Group,402,Cavan General Hospital,2600,GeneralSurgery,16-64,Adult,DayCase,GI Scope,  0-3 Months,269
24/09/2020,RCSI  Hospitals Group,402,Cavan General Hospital,2600,GeneralSurgery,16-64,Adult,DayCase,GI Scope,  3-6 Months,80
24/09/2020,RCSI  Hospitals Group,402,Cavan General Hospital,2600,GeneralSurgery,16-64,Adult,DayCase,GI Scope,  6-9 Months,97
24/09/2020,RCSI  Hospitals Group,402,Cavan General Hospital,2600,GeneralSurgery,16-64,Adult,DayCase,GI Scope,  9-12 Months,29
24/09/2020,RCSI  Hospitals Group,402,Cavan General Hospital,2600,GeneralSurgery,65+,Adult,DayCase,GI Scope,  0-3 Months,88
24/09/2020,RCSI  Hospitals Group,402,Cavan General Hospital,2600,GeneralSurgery,65+,Adult,DayCase,GI Scope,  3-6 Months,33
24/09/2020,RCSI  Hospitals Group,402,Cavan General Hospital,2600,GeneralSurgery,65+,Adult,DayCase,GI Scope,  6-9 Months,31
24/09/2020,RCSI  Hospitals Group,402,Cavan General Hospital,2600,GeneralSurgery,65+,Adult,DayCase,GI Scope,  9-12 Months,3
24/09/2020,RCSI  Hospitals Group,402,Cavan General Hospital,2600,GeneralSurgery,0-15,Child,DayCase,GI Scope,  0-3 Months,1
24/09/2020,RCSI  Hospitals Group,402,Cavan General Hospital,2600,GeneralSurgery,0-15,Child,DayCase,GI Scope,  3-6 Months,1
24/09/2020,RCSI  Hospitals Group,402,Cavan General Hospital,5000,GeneralMedicine,16-64,Adult,DayCase,GI Scope,  0-3 Months,45
24/09/2020,RCSI  Hospitals Group,402,Cavan General Hospital,5000,GeneralMedicine,16-64,Adult,DayCase,GI Scope,  3-6 Months,37
24/09/2020,RCSI  Hospitals Group,402,Cavan General Hospital,5000,GeneralMedicine,16-64,Adult,DayCase,GI Scope,  6-9 Months,28
24/09/2020,RCSI  Hospitals Group,402,Cavan General Hospital,5000,GeneralMedicine,65+,Adult,DayCase,GI Scope,  0-3 Months,29
24/09/2020,RCSI  Hospitals Group,402,Cavan General Hospital,5000,GeneralMedicine,65+,Adult,DayCase,GI Scope,  3-6 Months,14
24/09/2020,RCSI  Hospitals Group,402,Cavan General Hospital,5000,GeneralMedicine,65+,Adult,DayCase,GI Scope,  6-9 Months,6
24/09/2020,RCSI  Hospitals Group,922,Our Lady of Lourdes Hospital Drogheda,2600,GeneralSurgery,16-64,Adult,DayCase,GI Scope,  0-3 Months,108
24/09/2020,RCSI  Hospitals Group,922,Our Lady of Lourdes Hospital Drogheda,2600,GeneralSurgery,16-64,Adult,DayCase,GI Scope,  3-6 Months,48
24/09/2020,RCSI  Hospitals Group,922,Our Lady of Lourdes Hospital Drogheda,2600,GeneralSurgery,65+,Adult,DayCase,GI Scope,  0-3 Months,43
24/09/2020,RCSI  Hospitals Group,922,Our Lady of Lourdes Hospital Drogheda,2600,GeneralSurgery,65+,Adult,DayCase,GI Scope,  3-6 Months,16
24/09/2020,RCSI  Hospitals Group,922,Our Lady of Lourdes Hospital Drogheda,2600,GeneralSurgery,16-64,Adult,Inpatient,GI Scope,  0-3 Months,1
24/09/2020,RCSI  Hospitals Group,922,Our Lady of Lourdes Hospital Drogheda,5000,GeneralMedicine,16-64,Adult,DayCase,GI Scope,  0-3 Months,5
24/09/2020,RCSI  Hospitals Group,922,Our Lady of Lourdes Hospital Drogheda,5000,GeneralMedicine,16-64,Adult,DayCase,GI Scope,  3-6 Months,1
24/09/2020,RCSI  Hospitals Group,922,Our Lady of Lourdes Hospital Drogheda,5000,GeneralMedicine,65+,Adult,DayCase,GI Scope,  0-3 Months,6
24/09/2020,RCSI  Hospitals Group,922,Our Lady of Lourdes Hospital Drogheda,5000,GeneralMedicine,65+,Adult,DayCase,GI Scope,  3-6 Months,1
24/09/2020,RCSI  Hospitals Group,922,Our Lady of Lourdes Hospital Drogheda,5000,GeneralMedicine,65+,Adult,DayCase,GI Scope,  6-9 Months,1
24/09/2020,RCSI  Hospitals Group,922,Our Lady of Lourdes Hospital Drogheda,5000,GeneralMedicine,16-64,Adult,Inpatient,GI Scope,  0-3 Months,1
24/09/2020,RCSI  Hospitals Group,923,Beaumont Hospital,2600,GeneralSurgery,16-64,Adult,DayCase,GI Scope,  0-3 Months,85
24/09/2020,RCSI  Hospitals Group,923,Beaumont Hospital,2600,GeneralSurgery,16-64,Adult,DayCase,GI Scope,  3-6 Months,54
24/09/2020,RCSI  Hospitals Group,923,Beaumont Hospital,2600,GeneralSurgery,16-64,Adult,DayCase,GI Scope,  6-9 Months,7
24/09/2020,RCSI  Hospitals Group,923,Beaumont Hospital,2600,GeneralSurgery,65+,Adult,DayCase,GI Scope,  0-3 Months,34
24/09/2020,RCSI  Hospitals Group,923,Beaumont Hospital,2600,GeneralSurgery,65+,Adult,DayCase,GI Scope,  3-6 Months,14
24/09/2020,RCSI  Hospitals Group,923,Beaumont Hospital,2600,GeneralSurgery,65+,Adult,DayCase,GI Scope,  6-9 Months,3
24/09/2020,RCSI  Hospitals Group,923,Beaumont Hospital,2600,GeneralSurgery,16-64,Adult,Inpatient,GI Scope,  3-6 Months,1
24/09/2020,RCSI  Hospitals Group,923,Beaumont Hospital,2600,GeneralSurgery,16-64,Adult,Inpatient,GI Scope,  6-9 Months,1
24/09/2020,RCSI  Hospitals Group,923,Beaumont Hospital,2600,GeneralSurgery,65+,Adult,Inpatient,GI Scope,  0-3 Months,1
24/09/2020,Saolta University Health Care Group,500,Letterkenny University Hospital,2600,GeneralSurgery,16-64,Adult,DayCase,GI Scope,  0-3 Months,339
24/09/2020,Saolta University Health Care Group,500,Letterkenny University Hospital,2600,GeneralSurgery,16-64,Adult,DayCase,GI Scope,  3-6 Months,157
24/09/2020,Saolta University Health Care Group,500,Letterkenny University Hospital,2600,GeneralSurgery,16-64,Adult,DayCase,GI Scope,  6-9 Months,210
24/09/2020,Saolta University Health Care Group,500,Letterkenny University Hospital,2600,GeneralSurgery,16-64,Adult,DayCase,GI Scope,  9-12 Months,251
24/09/2020,Saolta University Health Care Group,500,Letterkenny University Hospital,2600,GeneralSurgery,16-64,Adult,DayCase,GI Scope, 12-15 Months,191
24/09/2020,Saolta University Health Care Group,500,Letterkenny University Hospital,2600,GeneralSurgery,16-64,Adult,DayCase,GI Scope, 15-18 Months,220
24/09/2020,Saolta University Health Care Group,500,Letterkenny University Hospital,2600,GeneralSurgery,16-64,Adult,DayCase,GI Scope,18+ Months,149
24/09/2020,Saolta University Health Care Group,500,Letterkenny University Hospital,2600,GeneralSurgery,65+,Adult,DayCase,GI Scope,  0-3 Months,192
24/09/2020,Saolta University Health Care Group,500,Letterkenny University Hospital,2600,GeneralSurgery,65+,Adult,DayCase,GI Scope,  3-6 Months,41
24/09/2020,Saolta University Health Care Group,500,Letterkenny University Hospital,2600,GeneralSurgery,65+,Adult,DayCase,GI Scope,  6-9 Months,73
24/09/2020,Saolta University Health Care Group,500,Letterkenny University Hospital,2600,GeneralSurgery,65+,Adult,DayCase,GI Scope,  9-12 Months,64
24/09/2020,Saolta University Health Care Group,500,Letterkenny University Hospital,2600,GeneralSurgery,65+,Adult,DayCase,GI Scope, 12-15 Months,74
24/09/2020,Saolta University Health Care Group,500,Letterkenny University Hospital,2600,GeneralSurgery,65+,Adult,DayCase,GI Scope, 15-18 Months,69
24/09/2020,Saolta University Health Care Group,500,Letterkenny University Hospital,2600,GeneralSurgery,65+,Adult,DayCase,GI Scope,18+ Months,63
24/09/2020,Saolta University Health Care Group,500,Letterkenny University Hospital,5000,GeneralMedicine,16-64,Adult,DayCase,GI Scope,  0-3 Months,65
24/09/2020,Saolta University Health Care Group,500,Letterkenny University Hospital,5000,GeneralMedicine,16-64,Adult,DayCase,GI Scope,  3-6 Months,55
24/09/2020,Saolta University Health Care Group,500,Letterkenny University Hospital,5000,GeneralMedicine,16-64,Adult,DayCase,GI Scope,  6-9 Months,110
24/09/2020,Saolta University Health Care Group,500,Letterkenny University Hospital,5000,GeneralMedicine,16-64,Adult,DayCase,GI Scope,  9-12 Months,57
24/09/2020,Saolta University Health Care Group,500,Letterkenny University Hospital,5000,GeneralMedicine,16-64,Adult,DayCase,GI Scope, 12-15 Months,19
24/09/2020,Saolta University Health Care Group,500,Letterkenny University Hospital,5000,GeneralMedicine,16-64,Adult,DayCase,GI Scope, 15-18 Months,1
24/09/2020,Saolta University Health Care Group,500,Letterkenny University Hospital,5000,GeneralMedicine,16-64,Adult,DayCase,GI Scope,18+ Months,6
24/09/2020,Saolta University Health Care Group,500,Letterkenny University Hospital,5000,GeneralMedicine,65+,Adult,DayCase,GI Scope,  0-3 Months,31
24/09/2020,Saolta University Health Care Group,500,Letterkenny University Hospital,5000,GeneralMedicine,65+,Adult,DayCase,GI Scope,  3-6 Months,21
24/09/2020,Saolta University Health Care Group,500,Letterkenny University Hospital,5000,GeneralMedicine,65+,Adult,DayCase,GI Scope,  6-9 Months,44
24/09/2020,Saolta University Health Care Group,500,Letterkenny University Hospital,5000,GeneralMedicine,65+,Adult,DayCase,GI Scope,  9-12 Months,17
24/09/2020,Saolta University Health Care Group,500,Letterkenny University Hospital,5000,GeneralMedicine,65+,Adult,DayCase,GI Scope, 12-15 Months,3
24/09/2020,Saolta University Health Care Group,500,Letterkenny University Hospital,5000,GeneralMedicine,65+,Adult,DayCase,GI Scope,18+ Months,2
24/09/2020,Saolta University Health Care Group,501,Sligo University Hospital,2600,GeneralSurgery,16-64,Adult,DayCase,GI Scope,  0-3 Months,123
24/09/2020,Saolta University Health Care Group,501,Sligo University Hospital,2600,GeneralSurgery,16-64,Adult,DayCase,GI Scope,  3-6 Months,74
24/09/2020,Saolta University Health Care Group,501,Sligo University Hospital,2600,GeneralSurgery,16-64,Adult,DayCase,GI Scope,  6-9 Months,90
24/09/2020,Saolta University Health Care Group,501,Sligo University Hospital,2600,GeneralSurgery,16-64,Adult,DayCase,GI Scope,  9-12 Months,10
24/09/2020,Saolta University Health Care Group,501,Sligo University Hospital,2600,GeneralSurgery,16-64,Adult,DayCase,GI Scope, 12-15 Months,3
24/09/2020,Saolta University Health Care Group,501,Sligo University Hospital,2600,GeneralSurgery,16-64,Adult,DayCase,GI Scope, 15-18 Months,4
24/09/2020,Saolta University Health Care Group,501,Sligo University Hospital,2600,GeneralSurgery,65+,Adult,DayCase,GI Scope,  0-3 Months,60
24/09/2020,Saolta University Health Care Group,501,Sligo University Hospital,2600,GeneralSurgery,65+,Adult,DayCase,GI Scope,  3-6 Months,26
24/09/2020,Saolta University Health Care Group,501,Sligo University Hospital,2600,GeneralSurgery,65+,Adult,DayCase,GI Scope,  6-9 Months,40
24/09/2020,Saolta University Health Care Group,501,Sligo University Hospital,2600,GeneralSurgery,65+,Adult,DayCase,GI Scope,  9-12 Months,4
24/09/2020,Saolta University Health Care Group,501,Sligo University Hospital,2600,GeneralSurgery,65+,Adult,DayCase,GI Scope, 12-15 Months,3
24/09/2020,Saolta University Health Care Group,501,Sligo University Hospital,2600,GeneralSurgery,0-15,Child,DayCase,GI Scope,  0-3 Months,1
24/09/2020,Saolta University Health Care Group,501,Sligo University Hospital,2600,GeneralSurgery,16-64,Adult,Inpatient,GI Scope,  0-3 Months,1
24/09/2020,Saolta University Health Care Group,501,Sligo University Hospital,2600,GeneralSurgery,65+,Adult,Inpatient,GI Scope,  0-3 Months,1
24/09/2020,Saolta University Health Care Group,501,Sligo University Hospital,5000,GeneralMedicine,16-64,Adult,DayCase,GI Scope,  0-3 Months,95
24/09/2020,Saolta University Health Care Group,501,Sligo University Hospital,5000,GeneralMedicine,16-64,Adult,DayCase,GI Scope,  3-6 Months,1
24/09/2020,Saolta University Health Care Group,501,Sligo University Hospital,5000,GeneralMedicine,16-64,Adult,DayCase,GI Scope,  6-9 Months,2
24/09/2020,Saolta University Health Care Group,501,Sligo University Hospital,5000,GeneralMedicine,16-64,Adult,DayCase,GI Scope,  9-12 Months,1
24/09/2020,Saolta University Health Care Group,501,Sligo University Hospital,5000,GeneralMedicine,16-64,Adult,DayCase,GI Scope, 12-15 Months,1
24/09/2020,Saolta University Health Care Group,501,Sligo University Hospital,5000,GeneralMedicine,65+,Adult,DayCase,GI Scope,  0-3 Months,43
24/09/2020,Saolta University Health Care Group,501,Sligo University Hospital,5000,GeneralMedicine,65+,Adult,DayCase,GI Scope,  3-6 Months,1
24/09/2020,Saolta University Health Care Group,501,Sligo University Hospital,5000,GeneralMedicine,65+,Adult,DayCase,GI Scope,  9-12 Months,4
24/09/2020,Saolta University Health Care Group,501,Sligo University Hospital,5000,GeneralMedicine,65+,Adult,DayCase,GI Scope, 12-15 Months,3
24/09/2020,Saolta University Health Care Group,800,Galway University Hospitals,2600,GeneralSurgery,16-64,Adult,DayCase,GI Scope,  0-3 Months,162
24/09/2020,Saolta University Health Care Group,800,Galway University Hospitals,2600,GeneralSurgery,16-64,Adult,DayCase,GI Scope,  3-6 Months,102
24/09/2020,Saolta University Health Care Group,800,Galway University Hospitals,2600,GeneralSurgery,16-64,Adult,DayCase,GI Scope,  6-9 Months,94
24/09/2020,Saolta University Health Care Group,800,Galway University Hospitals,2600,GeneralSurgery,16-64,Adult,DayCase,GI Scope,  9-12 Months,85
24/09/2020,Saolta University Health Care Group,800,Galway University Hospitals,2600,GeneralSurgery,16-64,Adult,DayCase,GI Scope, 12-15 Months,52
24/09/2020,Saolta University Health Care Group,800,Galway University Hospitals,2600,GeneralSurgery,16-64,Adult,DayCase,GI Scope, 15-18 Months,10
24/09/2020,Saolta University Health Care Group,800,Galway University Hospitals,2600,GeneralSurgery,16-64,Adult,DayCase,GI Scope,18+ Months,14
24/09/2020,Saolta University Health Care Group,800,Galway University Hospitals,2600,GeneralSurgery,65+,Adult,DayCase,GI Scope,  0-3 Months,57
24/09/2020,Saolta University Health Care Group,800,Galway University Hospitals,2600,GeneralSurgery,65+,Adult,DayCase,GI Scope,  3-6 Months,33
24/09/2020,Saolta University Health Care Group,800,Galway University Hospitals,2600,GeneralSurgery,65+,Adult,DayCase,GI Scope,  6-9 Months,41
24/09/2020,Saolta University Health Care Group,800,Galway University Hospitals,2600,GeneralSurgery,65+,Adult,DayCase,GI Scope,  9-12 Months,32
24/09/2020,Saolta University Health Care Group,800,Galway University Hospitals,2600,GeneralSurgery,65+,Adult,DayCase,GI Scope, 12-15 Months,18
24/09/2020,Saolta University Health Care Group,800,Galway University Hospitals,2600,GeneralSurgery,65+,Adult,DayCase,GI Scope, 15-18 Months,10
24/09/2020,Saolta University Health Care Group,800,Galway University Hospitals,2600,GeneralSurgery,65+,Adult,DayCase,GI Scope,18+ Months,23
24/09/2020,Saolta University Health Care Group,800,Galway University Hospitals,2600,GeneralSurgery,0-15,Child,DayCase,GI Scope,  0-3 Months,1
24/09/2020,Saolta University Health Care Group,800,Galway University Hospitals,2600,GeneralSurgery,0-15,Child,DayCase,GI Scope,  3-6 Months,1
24/09/2020,Saolta University Health Care Group,800,Galway University Hospitals,2600,GeneralSurgery,16-64,Adult,Inpatient,GI Scope,  6-9 Months,2
24/09/2020,Saolta University Health Care Group,802,Mayo University Hospital,2600,GeneralSurgery,16-64,Adult,DayCase,GI Scope,  0-3 Months,1
24/09/2020,Saolta University Health Care Group,802,Mayo University Hospital,2600,GeneralSurgery,16-64,Adult,DayCase,GI Scope,  3-6 Months,2
24/09/2020,Saolta University Health Care Group,802,Mayo University Hospital,2600,GeneralSurgery,16-64,Adult,DayCase,GI Scope,  6-9 Months,18
24/09/2020,Saolta University Health Care Group,802,Mayo University Hospital,2600,GeneralSurgery,16-64,Adult,DayCase,GI Scope,  9-12 Months,1
24/09/2020,Saolta University Health Care Group,802,Mayo University Hospital,2600,GeneralSurgery,16-64,Adult,DayCase,GI Scope, 12-15 Months,1
24/09/2020,Saolta University Health Care Group,802,Mayo University Hospital,2600,GeneralSurgery,65+,Adult,DayCase,GI Scope,  0-3 Months,1
24/09/2020,Saolta University Health Care Group,802,Mayo University Hospital,2600,GeneralSurgery,65+,Adult,DayCase,GI Scope,  3-6 Months,3
24/09/2020,Saolta University Health Care Group,802,Mayo University Hospital,2600,GeneralSurgery,65+,Adult,DayCase,GI Scope,  6-9 Months,3
24/09/2020,Saolta University Health Care Group,802,Mayo University Hospital,2600,GeneralSurgery,65+,Adult,DayCase,GI Scope,  9-12 Months,1
24/09/2020,Saolta University Health Care Group,802,Mayo University Hospital,2600,GeneralSurgery,65+,Adult,DayCase,GI Scope, 12-15 Months,1
24/09/2020,Saolta University Health Care Group,802,Mayo University Hospital,2600,GeneralSurgery,0-15,Child,Inpatient,GI Scope, 15-18 Months,1
24/09/2020,Saolta University Health Care Group,802,Mayo University Hospital,5000,GeneralMedicine,16-64,Adult,DayCase,GI Scope,  0-3 Months,150
24/09/2020,Saolta University Health Care Group,802,Mayo University Hospital,5000,GeneralMedicine,16-64,Adult,DayCase,GI Scope,  3-6 Months,43
24/09/2020,Saolta University Health Care Group,802,Mayo University Hospital,5000,GeneralMedicine,16-64,Adult,DayCase,GI Scope,  6-9 Months,100
24/09/2020,Saolta University Health Care Group,802,Mayo University Hospital,5000,GeneralMedicine,16-64,Adult,DayCase,GI Scope,  9-12 Months,99
24/09/2020,Saolta University Health Care Group,802,Mayo University Hospital,5000,GeneralMedicine,16-64,Adult,DayCase,GI Scope, 12-15 Months,65
24/09/2020,Saolta University Health Care Group,802,Mayo University Hospital,5000,GeneralMedicine,16-64,Adult,DayCase,GI Scope, 15-18 Months,52
24/09/2020,Saolta University Health Care Group,802,Mayo University Hospital,5000,GeneralMedicine,16-64,Adult,DayCase,GI Scope,18+ Months,28
24/09/2020,Saolta University Health Care Group,802,Mayo University Hospital,5000,GeneralMedicine,65+,Adult,DayCase,GI Scope,  0-3 Months,89
24/09/2020,Saolta University Health Care Group,802,Mayo University Hospital,5000,GeneralMedicine,65+,Adult,DayCase,GI Scope,  3-6 Months,25
24/09/2020,Saolta University Health Care Group,802,Mayo University Hospital,5000,GeneralMedicine,65+,Adult,DayCase,GI Scope,  6-9 Months,68
24/09/2020,Saolta University Health Care Group,802,Mayo University Hospital,5000,GeneralMedicine,65+,Adult,DayCase,GI Scope,  9-12 Months,50
24/09/2020,Saolta University Health Care Group,802,Mayo University Hospital,5000,GeneralMedicine,65+,Adult,DayCase,GI Scope, 12-15 Months,36
24/09/2020,Saolta University Health Care Group,802,Mayo University Hospital,5000,GeneralMedicine,65+,Adult,DayCase,GI Scope, 15-18 Months,24
24/09/2020,Saolta University Health Care Group,802,Mayo University Hospital,5000,GeneralMedicine,65+,Adult,DayCase,GI Scope,18+ Months,13
24/09/2020,Saolta University Health Care Group,803,Roscommon University Hospital,2600,GeneralSurgery,16-64,Adult,DayCase,GI Scope,  0-3 Months,329
24/09/2020,Saolta University Health Care Group,803,Roscommon University Hospital,2600,GeneralSurgery,16-64,Adult,DayCase,GI Scope,  3-6 Months,162
24/09/2020,Saolta University Health Care Group,803,Roscommon University Hospital,2600,GeneralSurgery,16-64,Adult,DayCase,GI Scope,  6-9 Months,47
24/09/2020,Saolta University Health Care Group,803,Roscommon University Hospital,2600,GeneralSurgery,16-64,Adult,DayCase,GI Scope,  9-12 Months,1
24/09/2020,Saolta University Health Care Group,803,Roscommon University Hospital,2600,GeneralSurgery,65+,Adult,DayCase,GI Scope,  0-3 Months,106
24/09/2020,Saolta University Health Care Group,803,Roscommon University Hospital,2600,GeneralSurgery,65+,Adult,DayCase,GI Scope,  3-6 Months,52
24/09/2020,Saolta University Health Care Group,803,Roscommon University Hospital,2600,GeneralSurgery,65+,Adult,DayCase,GI Scope,  6-9 Months,19
24/09/2020,Saolta University Health Care Group,803,Roscommon University Hospital,2600,GeneralSurgery,65+,Adult,DayCase,GI Scope,  9-12 Months,1
24/09/2020,Saolta University Health Care Group,919,Portiuncula University Hospital,2600,GeneralSurgery,16-64,Adult,DayCase,GI Scope,  0-3 Months,85
24/09/2020,Saolta University Health Care Group,919,Portiuncula University Hospital,2600,GeneralSurgery,16-64,Adult,DayCase,GI Scope,  3-6 Months,43
24/09/2020,Saolta University Health Care Group,919,Portiuncula University Hospital,2600,GeneralSurgery,16-64,Adult,DayCase,GI Scope,  6-9 Months,69
24/09/2020,Saolta University Health Care Group,919,Portiuncula University Hospital,2600,GeneralSurgery,16-64,Adult,DayCase,GI Scope,  9-12 Months,31
24/09/2020,Saolta University Health Care Group,919,Portiuncula University Hospital,2600,GeneralSurgery,16-64,Adult,DayCase,GI Scope, 12-15 Months,5
24/09/2020,Saolta University Health Care Group,919,Portiuncula University Hospital,2600,GeneralSurgery,16-64,Adult,DayCase,GI Scope, 15-18 Months,5
24/09/2020,Saolta University Health Care Group,919,Portiuncula University Hospital,2600,GeneralSurgery,16-64,Adult,DayCase,GI Scope,18+ Months,9
24/09/2020,Saolta University Health Care Group,919,Portiuncula University Hospital,2600,GeneralSurgery,65+,Adult,DayCase,GI Scope,  0-3 Months,44
24/09/2020,Saolta University Health Care Group,919,Portiuncula University Hospital,2600,GeneralSurgery,65+,Adult,DayCase,GI Scope,  3-6 Months,22
24/09/2020,Saolta University Health Care Group,919,Portiuncula University Hospital,2600,GeneralSurgery,65+,Adult,DayCase,GI Scope,  6-9 Months,26
24/09/2020,Saolta University Health Care Group,919,Portiuncula University Hospital,2600,GeneralSurgery,65+,Adult,DayCase,GI Scope,  9-12 Months,17
24/09/2020,Saolta University Health Care Group,919,Portiuncula University Hospital,2600,GeneralSurgery,65+,Adult,DayCase,GI Scope, 12-15 Months,3
24/09/2020,Saolta University Health Care Group,919,Portiuncula University Hospital,2600,GeneralSurgery,65+,Adult,DayCase,GI Scope, 15-18 Months,4
24/09/2020,Saolta University Health Care Group,919,Portiuncula University Hospital,2600,GeneralSurgery,65+,Adult,DayCase,GI Scope,18+ Months,7
24/09/2020,Saolta University Health Care Group,919,Portiuncula University Hospital,2600,GeneralSurgery,65+,Adult,Inpatient,GI Scope,  9-12 Months,1
24/09/2020,Saolta University Health Care Group,919,Portiuncula University Hospital,5000,GeneralMedicine,16-64,Adult,DayCase,GI Scope,  0-3 Months,2
24/09/2020,Saolta University Health Care Group,919,Portiuncula University Hospital,5000,GeneralMedicine,16-64,Adult,DayCase,GI Scope,  3-6 Months,1
24/09/2020,Saolta University Health Care Group,919,Portiuncula University Hospital,5000,GeneralMedicine,16-64,Adult,DayCase,GI Scope,  9-12 Months,1
24/09/2020,Saolta University Health Care Group,919,Portiuncula University Hospital,5000,GeneralMedicine,16-64,Adult,DayCase,GI Scope, 15-18 Months,1
24/09/2020,Saolta University Health Care Group,919,Portiuncula University Hospital,5000,GeneralMedicine,16-64,Adult,DayCase,GI Scope,18+ Months,1
24/09/2020,Saolta University Health Care Group,919,Portiuncula University Hospital,5000,GeneralMedicine,65+,Adult,DayCase,GI Scope,  0-3 Months,1
24/09/2020,Saolta University Health Care Group,919,Portiuncula University Hospital,5000,GeneralMedicine,65+,Adult,DayCase,GI Scope, 15-18 Months,2
24/09/2020,South/South West Hospital Group,600,University Hospital Waterford,2600,GeneralSurgery,16-64,Adult,DayCase,GI Scope,  0-3 Months,1
24/09/2020,South/South West Hospital Group,600,University Hospital Waterford,2600,GeneralSurgery,16-64,Adult,DayCase,GI Scope,  6-9 Months,1
24/09/2020,South/South West Hospital Group,600,University Hospital Waterford,2600,GeneralSurgery,16-64,Adult,DayCase,GI Scope, 12-15 Months,1
24/09/2020,South/South West Hospital Group,600,University Hospital Waterford,2600,GeneralSurgery,65+,Adult,DayCase,GI Scope,  6-9 Months,1
24/09/2020,South/South West Hospital Group,607,South Tipperary General Hospital,2600,GeneralSurgery,16-64,Adult,DayCase,GI Scope,  0-3 Months,122
24/09/2020,South/South West Hospital Group,607,South Tipperary General Hospital,2600,GeneralSurgery,16-64,Adult,DayCase,GI Scope,  3-6 Months,14
24/09/2020,South/South West Hospital Group,607,South Tipperary General Hospital,2600,GeneralSurgery,16-64,Adult,DayCase,GI Scope,  6-9 Months,35
24/09/2020,South/South West Hospital Group,607,South Tipperary General Hospital,2600,GeneralSurgery,16-64,Adult,DayCase,GI Scope,  9-12 Months,4
24/09/2020,South/South West Hospital Group,607,South Tipperary General Hospital,2600,GeneralSurgery,65+,Adult,DayCase,GI Scope,  0-3 Months,57
24/09/2020,South/South West Hospital Group,607,South Tipperary General Hospital,2600,GeneralSurgery,65+,Adult,DayCase,GI Scope,  3-6 Months,12
24/09/2020,South/South West Hospital Group,607,South Tipperary General Hospital,2600,GeneralSurgery,65+,Adult,DayCase,GI Scope,  6-9 Months,9
24/09/2020,South/South West Hospital Group,607,South Tipperary General Hospital,2600,GeneralSurgery,65+,Adult,DayCase,GI Scope,  9-12 Months,1
24/09/2020,South/South West Hospital Group,607,South Tipperary General Hospital,2600,GeneralSurgery,0-15,Child,DayCase,GI Scope,  0-3 Months,2
24/09/2020,South/South West Hospital Group,607,South Tipperary General Hospital,2600,GeneralSurgery,0-15,Child,DayCase,GI Scope,  6-9 Months,1
24/09/2020,South/South West Hospital Group,607,South Tipperary General Hospital,2600,GeneralSurgery,16-64,Adult,Inpatient,GI Scope,  0-3 Months,6
24/09/2020,South/South West Hospital Group,607,South Tipperary General Hospital,2600,GeneralSurgery,16-64,Adult,Inpatient,GI Scope,  6-9 Months,1
24/09/2020,South/South West Hospital Group,607,South Tipperary General Hospital,2600,GeneralSurgery,65+,Adult,Inpatient,GI Scope,  0-3 Months,3
24/09/2020,South/South West Hospital Group,607,South Tipperary General Hospital,2600,GeneralSurgery,65+,Adult,Inpatient,GI Scope,  6-9 Months,2
24/09/2020,South/South West Hospital Group,607,South Tipperary General Hospital,5000,GeneralMedicine,16-64,Adult,DayCase,GI Scope,  0-3 Months,93
24/09/2020,South/South West Hospital Group,607,South Tipperary General Hospital,5000,GeneralMedicine,16-64,Adult,DayCase,GI Scope,  3-6 Months,53
24/09/2020,South/South West Hospital Group,607,South Tipperary General Hospital,5000,GeneralMedicine,16-64,Adult,DayCase,GI Scope,  6-9 Months,55
24/09/2020,South/South West Hospital Group,607,South Tipperary General Hospital,5000,GeneralMedicine,16-64,Adult,DayCase,GI Scope,  9-12 Months,1
24/09/2020,South/South West Hospital Group,607,South Tipperary General Hospital,5000,GeneralMedicine,65+,Adult,DayCase,GI Scope,  0-3 Months,35
24/09/2020,South/South West Hospital Group,607,South Tipperary General Hospital,5000,GeneralMedicine,65+,Adult,DayCase,GI Scope,  3-6 Months,18
24/09/2020,South/South West Hospital Group,607,South Tipperary General Hospital,5000,GeneralMedicine,65+,Adult,DayCase,GI Scope,  6-9 Months,14
24/09/2020,South/South West Hospital Group,607,South Tipperary General Hospital,5000,GeneralMedicine,65+,Adult,Inpatient,GI Scope,  6-9 Months,1
24/09/2020,South/South West Hospital Group,703,Mallow General Hospital,2600,GeneralSurgery,16-64,Adult,DayCase,GI Scope,  0-3 Months,81
24/09/2020,South/South West Hospital Group,703,Mallow General Hospital,2600,GeneralSurgery,16-64,Adult,DayCase,GI Scope,  3-6 Months,24
24/09/2020,South/South West Hospital Group,703,Mallow General Hospital,2600,GeneralSurgery,16-64,Adult,DayCase,GI Scope,  6-9 Months,6
24/09/2020,South/South West Hospital Group,703,Mallow General Hospital,2600,GeneralSurgery,65+,Adult,DayCase,GI Scope,  0-3 Months,35
24/09/2020,South/South West Hospital Group,703,Mallow General Hospital,2600,GeneralSurgery,65+,Adult,DayCase,GI Scope,  3-6 Months,8
24/09/2020,South/South West Hospital Group,703,Mallow General Hospital,2600,GeneralSurgery,65+,Adult,DayCase,GI Scope,  6-9 Months,2
24/09/2020,South/South West Hospital Group,704,Bantry General Hospital,2600,GeneralSurgery,16-64,Adult,DayCase,GI Scope,  0-3 Months,52
24/09/2020,South/South West Hospital Group,704,Bantry General Hospital,2600,GeneralSurgery,16-64,Adult,DayCase,GI Scope,  3-6 Months,38
24/09/2020,South/South West Hospital Group,704,Bantry General Hospital,2600,GeneralSurgery,16-64,Adult,DayCase,GI Scope,  6-9 Months,51
24/09/2020,South/South West Hospital Group,704,Bantry General Hospital,2600,GeneralSurgery,16-64,Adult,DayCase,GI Scope,  9-12 Months,33
24/09/2020,South/South West Hospital Group,704,Bantry General Hospital,2600,GeneralSurgery,65+,Adult,DayCase,GI Scope,  0-3 Months,18
24/09/2020,South/South West Hospital Group,704,Bantry General Hospital,2600,GeneralSurgery,65+,Adult,DayCase,GI Scope,  3-6 Months,17
24/09/2020,South/South West Hospital Group,704,Bantry General Hospital,2600,GeneralSurgery,65+,Adult,DayCase,GI Scope,  6-9 Months,15
24/09/2020,South/South West Hospital Group,704,Bantry General Hospital,2600,GeneralSurgery,65+,Adult,DayCase,GI Scope,  9-12 Months,8
24/09/2020,South/South West Hospital Group,704,Bantry General Hospital,5000,GeneralMedicine,16-64,Adult,DayCase,GI Scope,  0-3 Months,18
24/09/2020,South/South West Hospital Group,704,Bantry General Hospital,5000,GeneralMedicine,16-64,Adult,DayCase,GI Scope,  3-6 Months,33
24/09/2020,South/South West Hospital Group,704,Bantry General Hospital,5000,GeneralMedicine,16-64,Adult,DayCase,GI Scope,  6-9 Months,31
24/09/2020,South/South West Hospital Group,704,Bantry General Hospital,5000,GeneralMedicine,16-64,Adult,DayCase,GI Scope,  9-12 Months,9
24/09/2020,South/South West Hospital Group,704,Bantry General Hospital,5000,GeneralMedicine,16-64,Adult,DayCase,GI Scope, 12-15 Months,1
24/09/2020,South/South West Hospital Group,704,Bantry General Hospital,5000,GeneralMedicine,65+,Adult,DayCase,GI Scope,  0-3 Months,26
24/09/2020,South/South West Hospital Group,704,Bantry General Hospital,5000,GeneralMedicine,65+,Adult,DayCase,GI Scope,  3-6 Months,26
24/09/2020,South/South West Hospital Group,704,Bantry General Hospital,5000,GeneralMedicine,65+,Adult,DayCase,GI Scope,  6-9 Months,15
24/09/2020,South/South West Hospital Group,704,Bantry General Hospital,5000,GeneralMedicine,65+,Adult,DayCase,GI Scope,  9-12 Months,3
24/09/2020,South/South West Hospital Group,704,Bantry General Hospital,5000,GeneralMedicine,16-64,Adult,Inpatient,GI Scope,  3-6 Months,1
24/09/2020,South/South West Hospital Group,704,Bantry General Hospital,5000,GeneralMedicine,65+,Adult,Inpatient,GI Scope,  0-3 Months,1
24/09/2020,South/South West Hospital Group,724,Cork University Hospital,2600,GeneralSurgery,16-64,Adult,DayCase,GI Scope,  0-3 Months,25
24/09/2020,South/South West Hospital Group,724,Cork University Hospital,2600,GeneralSurgery,16-64,Adult,DayCase,GI Scope,  3-6 Months,10
24/09/2020,South/South West Hospital Group,724,Cork University Hospital,2600,GeneralSurgery,16-64,Adult,DayCase,GI Scope,  6-9 Months,21
24/09/2020,South/South West Hospital Group,724,Cork University Hospital,2600,GeneralSurgery,16-64,Adult,DayCase,GI Scope,  9-12 Months,10
24/09/2020,South/South West Hospital Group,724,Cork University Hospital,2600,GeneralSurgery,16-64,Adult,DayCase,GI Scope, 12-15 Months,1
24/09/2020,South/South West Hospital Group,724,Cork University Hospital,2600,GeneralSurgery,65+,Adult,DayCase,GI Scope,  0-3 Months,11
24/09/2020,South/South West Hospital Group,724,Cork University Hospital,2600,GeneralSurgery,65+,Adult,DayCase,GI Scope,  3-6 Months,3
24/09/2020,South/South West Hospital Group,724,Cork University Hospital,2600,GeneralSurgery,65+,Adult,DayCase,GI Scope,  6-9 Months,5
24/09/2020,South/South West Hospital Group,724,Cork University Hospital,2600,GeneralSurgery,65+,Adult,DayCase,GI Scope,  9-12 Months,4
24/09/2020,South/South West Hospital Group,724,Cork University Hospital,2600,GeneralSurgery,65+,Adult,DayCase,GI Scope, 12-15 Months,1
24/09/2020,South/South West Hospital Group,724,Cork University Hospital,2600,GeneralSurgery,0-15,Child,DayCase,GI Scope,  6-9 Months,1
24/09/2020,South/South West Hospital Group,724,Cork University Hospital,2600,GeneralSurgery,0-15,Child,DayCase,GI Scope,18+ Months,1
24/09/2020,South/South West Hospital Group,726,University Hospital Kerry,2600,GeneralSurgery,16-64,Adult,DayCase,GI Scope,  0-3 Months,177
24/09/2020,South/South West Hospital Group,726,University Hospital Kerry,2600,GeneralSurgery,16-64,Adult,DayCase,GI Scope,  3-6 Months,160
24/09/2020,South/South West Hospital Group,726,University Hospital Kerry,2600,GeneralSurgery,16-64,Adult,DayCase,GI Scope,  6-9 Months,104
24/09/2020,South/South West Hospital Group,726,University Hospital Kerry,2600,GeneralSurgery,16-64,Adult,DayCase,GI Scope,  9-12 Months,26
24/09/2020,South/South West Hospital Group,726,University Hospital Kerry,2600,GeneralSurgery,65+,Adult,DayCase,GI Scope,  0-3 Months,66
24/09/2020,South/South West Hospital Group,726,University Hospital Kerry,2600,GeneralSurgery,65+,Adult,DayCase,GI Scope,  3-6 Months,53
24/09/2020,South/South West Hospital Group,726,University Hospital Kerry,2600,GeneralSurgery,65+,Adult,DayCase,GI Scope,  6-9 Months,29
24/09/2020,South/South West Hospital Group,726,University Hospital Kerry,2600,GeneralSurgery,65+,Adult,DayCase,GI Scope,  9-12 Months,15
24/09/2020,South/South West Hospital Group,726,University Hospital Kerry,2600,GeneralSurgery,0-15,Child,DayCase,GI Scope,  3-6 Months,1
24/09/2020,South/South West Hospital Group,726,University Hospital Kerry,2600,GeneralSurgery,16-64,Adult,Inpatient,GI Scope,  0-3 Months,5
24/09/2020,South/South West Hospital Group,726,University Hospital Kerry,2600,GeneralSurgery,16-64,Adult,Inpatient,GI Scope,  3-6 Months,11
24/09/2020,South/South West Hospital Group,726,University Hospital Kerry,2600,GeneralSurgery,16-64,Adult,Inpatient,GI Scope,  6-9 Months,1
24/09/2020,South/South West Hospital Group,726,University Hospital Kerry,2600,GeneralSurgery,65+,Adult,Inpatient,GI Scope,  0-3 Months,3
24/09/2020,South/South West Hospital Group,726,University Hospital Kerry,2600,GeneralSurgery,65+,Adult,Inpatient,GI Scope,  3-6 Months,14
24/09/2020,South/South West Hospital Group,726,University Hospital Kerry,2600,GeneralSurgery,65+,Adult,Inpatient,GI Scope,  6-9 Months,1
24/09/2020,South/South West Hospital Group,726,University Hospital Kerry,5000,GeneralMedicine,16-64,Adult,DayCase,GI Scope,  0-3 Months,9
24/09/2020,South/South West Hospital Group,726,University Hospital Kerry,5000,GeneralMedicine,16-64,Adult,DayCase,GI Scope,  3-6 Months,1
24/09/2020,South/South West Hospital Group,726,University Hospital Kerry,5000,GeneralMedicine,16-64,Adult,DayCase,GI Scope,  6-9 Months,4
24/09/2020,South/South West Hospital Group,726,University Hospital Kerry,5000,GeneralMedicine,16-64,Adult,DayCase,GI Scope,  9-12 Months,4
24/09/2020,South/South West Hospital Group,726,University Hospital Kerry,5000,GeneralMedicine,65+,Adult,DayCase,GI Scope,  0-3 Months,7
24/09/2020,South/South West Hospital Group,726,University Hospital Kerry,5000,GeneralMedicine,65+,Adult,DayCase,GI Scope,  3-6 Months,3
24/09/2020,South/South West Hospital Group,726,University Hospital Kerry,5000,GeneralMedicine,65+,Adult,DayCase,GI Scope,  6-9 Months,2
24/09/2020,South/South West Hospital Group,913,Mercy University Hospital,2600,GeneralSurgery,16-64,Adult,DayCase,GI Scope,  0-3 Months,41
24/09/2020,South/South West Hospital Group,913,Mercy University Hospital,2600,GeneralSurgery,16-64,Adult,DayCase,GI Scope,  3-6 Months,27
24/09/2020,South/South West Hospital Group,913,Mercy University Hospital,2600,GeneralSurgery,16-64,Adult,DayCase,GI Scope,  6-9 Months,9
24/09/2020,South/South West Hospital Group,913,Mercy University Hospital,2600,GeneralSurgery,16-64,Adult,DayCase,GI Scope,  9-12 Months,5
24/09/2020,South/South West Hospital Group,913,Mercy University Hospital,2600,GeneralSurgery,16-64,Adult,DayCase,GI Scope, 12-15 Months,2
24/09/2020,South/South West Hospital Group,913,Mercy University Hospital,2600,GeneralSurgery,16-64,Adult,DayCase,GI Scope, 15-18 Months,1
24/09/2020,South/South West Hospital Group,913,Mercy University Hospital,2600,GeneralSurgery,65+,Adult,DayCase,GI Scope,  0-3 Months,16
24/09/2020,South/South West Hospital Group,913,Mercy University Hospital,2600,GeneralSurgery,65+,Adult,DayCase,GI Scope,  3-6 Months,8
24/09/2020,South/South West Hospital Group,913,Mercy University Hospital,2600,GeneralSurgery,65+,Adult,DayCase,GI Scope,  6-9 Months,5
24/09/2020,South/South West Hospital Group,913,Mercy University Hospital,2600,GeneralSurgery,65+,Adult,DayCase,GI Scope,  9-12 Months,2
24/09/2020,South/South West Hospital Group,913,Mercy University Hospital,2600,GeneralSurgery,65+,Adult,DayCase,GI Scope, 12-15 Months,2
24/09/2020,South/South West Hospital Group,913,Mercy University Hospital,2600,GeneralSurgery,16-64,Adult,Inpatient,GI Scope,  6-9 Months,1
24/09/2020,South/South West Hospital Group,913,Mercy University Hospital,2600,GeneralSurgery,65+,Adult,Inpatient,GI Scope,  0-3 Months,3
24/09/2020,South/South West Hospital Group,913,Mercy University Hospital,5000,GeneralMedicine,16-64,Adult,DayCase,GI Scope,  0-3 Months,2
24/09/2020,South/South West Hospital Group,913,Mercy University Hospital,5000,GeneralMedicine,16-64,Adult,DayCase,GI Scope,  3-6 Months,2
24/09/2020,South/South West Hospital Group,913,Mercy University Hospital,5000,GeneralMedicine,16-64,Adult,DayCase,GI Scope,  6-9 Months,2
24/09/2020,South/South West Hospital Group,913,Mercy University Hospital,5000,GeneralMedicine,16-64,Adult,DayCase,GI Scope,  9-12 Months,1
24/09/2020,South/South West Hospital Group,913,Mercy University Hospital,5000,GeneralMedicine,65+,Adult,DayCase,GI Scope,  6-9 Months,2
24/09/2020,South/South West Hospital Group,913,Mercy University Hospital,5000,GeneralMedicine,65+,Adult,DayCase,GI Scope, 15-18 Months,1
24/09/2020,South/South West Hospital Group,915,South Infirmary Victoria University Hospital,2600,GeneralSurgery,16-64,Adult,DayCase,GI Scope,  0-3 Months,224
24/09/2020,South/South West Hospital Group,915,South Infirmary Victoria University Hospital,2600,GeneralSurgery,16-64,Adult,DayCase,GI Scope,  3-6 Months,129
24/09/2020,South/South West Hospital Group,915,South Infirmary Victoria University Hospital,2600,GeneralSurgery,16-64,Adult,DayCase,GI Scope,  6-9 Months,66
24/09/2020,South/South West Hospital Group,915,South Infirmary Victoria University Hospital,2600,GeneralSurgery,16-64,Adult,DayCase,GI Scope,  9-12 Months,1
24/09/2020,South/South West Hospital Group,915,South Infirmary Victoria University Hospital,2600,GeneralSurgery,65+,Adult,DayCase,GI Scope,  0-3 Months,56
24/09/2020,South/South West Hospital Group,915,South Infirmary Victoria University Hospital,2600,GeneralSurgery,65+,Adult,DayCase,GI Scope,  3-6 Months,13
24/09/2020,South/South West Hospital Group,915,South Infirmary Victoria University Hospital,2600,GeneralSurgery,65+,Adult,DayCase,GI Scope,  6-9 Months,7
24/09/2020,South/South West Hospital Group,915,South Infirmary Victoria University Hospital,2600,GeneralSurgery,16-64,Adult,Inpatient,GI Scope,  0-3 Months,1
24/09/2020,University of Limerick Hospital Group,300,University Hospital Limerick,2600,GeneralSurgery,16-64,Adult,DayCase,GI Scope,  0-3 Months,75
24/09/2020,University of Limerick Hospital Group,300,University Hospital Limerick,2600,GeneralSurgery,16-64,Adult,DayCase,GI Scope,  3-6 Months,49
24/09/2020,University of Limerick Hospital Group,300,University Hospital Limerick,2600,GeneralSurgery,16-64,Adult,DayCase,GI Scope,  6-9 Months,59
24/09/2020,University of Limerick Hospital Group,300,University Hospital Limerick,2600,GeneralSurgery,16-64,Adult,DayCase,GI Scope,  9-12 Months,30
24/09/2020,University of Limerick Hospital Group,300,University Hospital Limerick,2600,GeneralSurgery,16-64,Adult,DayCase,GI Scope, 12-15 Months,8
24/09/2020,University of Limerick Hospital Group,300,University Hospital Limerick,2600,GeneralSurgery,16-64,Adult,DayCase,GI Scope, 15-18 Months,7
24/09/2020,University of Limerick Hospital Group,300,University Hospital Limerick,2600,GeneralSurgery,16-64,Adult,DayCase,GI Scope,18+ Months,16
24/09/2020,University of Limerick Hospital Group,300,University Hospital Limerick,2600,GeneralSurgery,65+,Adult,DayCase,GI Scope,  0-3 Months,34
24/09/2020,University of Limerick Hospital Group,300,University Hospital Limerick,2600,GeneralSurgery,65+,Adult,DayCase,GI Scope,  3-6 Months,18
24/09/2020,University of Limerick Hospital Group,300,University Hospital Limerick,2600,GeneralSurgery,65+,Adult,DayCase,GI Scope,  6-9 Months,25
24/09/2020,University of Limerick Hospital Group,300,University Hospital Limerick,2600,GeneralSurgery,65+,Adult,DayCase,GI Scope,  9-12 Months,15
24/09/2020,University of Limerick Hospital Group,300,University Hospital Limerick,2600,GeneralSurgery,65+,Adult,DayCase,GI Scope, 12-15 Months,4
24/09/2020,University of Limerick Hospital Group,300,University Hospital Limerick,2600,GeneralSurgery,65+,Adult,DayCase,GI Scope, 15-18 Months,4
24/09/2020,University of Limerick Hospital Group,300,University Hospital Limerick,2600,GeneralSurgery,65+,Adult,DayCase,GI Scope,18+ Months,2
24/09/2020,University of Limerick Hospital Group,304,Nenagh Hospital,2600,GeneralSurgery,16-64,Adult,DayCase,GI Scope,  0-3 Months,88
24/09/2020,University of Limerick Hospital Group,304,Nenagh Hospital,2600,GeneralSurgery,16-64,Adult,DayCase,GI Scope,  3-6 Months,28
24/09/2020,University of Limerick Hospital Group,304,Nenagh Hospital,2600,GeneralSurgery,16-64,Adult,DayCase,GI Scope,  6-9 Months,94
24/09/2020,University of Limerick Hospital Group,304,Nenagh Hospital,2600,GeneralSurgery,16-64,Adult,DayCase,GI Scope,  9-12 Months,73
24/09/2020,University of Limerick Hospital Group,304,Nenagh Hospital,2600,GeneralSurgery,16-64,Adult,DayCase,GI Scope, 12-15 Months,63
24/09/2020,University of Limerick Hospital Group,304,Nenagh Hospital,2600,GeneralSurgery,16-64,Adult,DayCase,GI Scope, 15-18 Months,15
24/09/2020,University of Limerick Hospital Group,304,Nenagh Hospital,2600,GeneralSurgery,16-64,Adult,DayCase,GI Scope,18+ Months,21
24/09/2020,University of Limerick Hospital Group,304,Nenagh Hospital,2600,GeneralSurgery,65+,Adult,DayCase,GI Scope,  0-3 Months,38
24/09/2020,University of Limerick Hospital Group,304,Nenagh Hospital,2600,GeneralSurgery,65+,Adult,DayCase,GI Scope,  3-6 Months,8
24/09/2020,University of Limerick Hospital Group,304,Nenagh Hospital,2600,GeneralSurgery,65+,Adult,DayCase,GI Scope,  6-9 Months,26
24/09/2020,University of Limerick Hospital Group,304,Nenagh Hospital,2600,GeneralSurgery,65+,Adult,DayCase,GI Scope,  9-12 Months,24
24/09/2020,University of Limerick Hospital Group,304,Nenagh Hospital,2600,GeneralSurgery,65+,Adult,DayCase,GI Scope, 12-15 Months,16
24/09/2020,University of Limerick Hospital Group,304,Nenagh Hospital,2600,GeneralSurgery,65+,Adult,DayCase,GI Scope, 15-18 Months,5
24/09/2020,University of Limerick Hospital Group,304,Nenagh Hospital,2600,GeneralSurgery,65+,Adult,DayCase,GI Scope,18+ Months,6
24/09/2020,University of Limerick Hospital Group,305,Ennis Hospital,2600,GeneralSurgery,16-64,Adult,DayCase,GI Scope,  0-3 Months,173
24/09/2020,University of Limerick Hospital Group,305,Ennis Hospital,2600,GeneralSurgery,16-64,Adult,DayCase,GI Scope,  3-6 Months,90
24/09/2020,University of Limerick Hospital Group,305,Ennis Hospital,2600,GeneralSurgery,16-64,Adult,DayCase,GI Scope,  6-9 Months,134
24/09/2020,University of Limerick Hospital Group,305,Ennis Hospital,2600,GeneralSurgery,16-64,Adult,DayCase,GI Scope,  9-12 Months,158
24/09/2020,University of Limerick Hospital Group,305,Ennis Hospital,2600,GeneralSurgery,16-64,Adult,DayCase,GI Scope, 12-15 Months,72
24/09/2020,University of Limerick Hospital Group,305,Ennis Hospital,2600,GeneralSurgery,16-64,Adult,DayCase,GI Scope, 15-18 Months,31
24/09/2020,University of Limerick Hospital Group,305,Ennis Hospital,2600,GeneralSurgery,16-64,Adult,DayCase,GI Scope,18+ Months,10
24/09/2020,University of Limerick Hospital Group,305,Ennis Hospital,2600,GeneralSurgery,65+,Adult,DayCase,GI Scope,  0-3 Months,72
24/09/2020,University of Limerick Hospital Group,305,Ennis Hospital,2600,GeneralSurgery,65+,Adult,DayCase,GI Scope,  3-6 Months,15
24/09/2020,University of Limerick Hospital Group,305,Ennis Hospital,2600,GeneralSurgery,65+,Adult,DayCase,GI Scope,  6-9 Months,30
24/09/2020,University of Limerick Hospital Group,305,Ennis Hospital,2600,GeneralSurgery,65+,Adult,DayCase,GI Scope,  9-12 Months,42
24/09/2020,University of Limerick Hospital Group,305,Ennis Hospital,2600,GeneralSurgery,65+,Adult,DayCase,GI Scope, 12-15 Months,18
24/09/2020,University of Limerick Hospital Group,305,Ennis Hospital,2600,GeneralSurgery,65+,Adult,DayCase,GI Scope, 15-18 Months,4
24/09/2020,University of Limerick Hospital Group,305,Ennis Hospital,2600,GeneralSurgery,65+,Adult,DayCase,GI Scope,18+ Months,2
24/09/2020,University of Limerick Hospital Group,918,St. John's Hospital Limerick,2600,GeneralSurgery,16-64,Adult,DayCase,GI Scope,  0-3 Months,125
24/09/2020,University of Limerick Hospital Group,918,St. John's Hospital Limerick,2600,GeneralSurgery,16-64,Adult,DayCase,GI Scope,  3-6 Months,70
24/09/2020,University of Limerick Hospital Group,918,St. John's Hospital Limerick,2600,GeneralSurgery,16-64,Adult,DayCase,GI Scope,  6-9 Months,150
24/09/2020,University of Limerick Hospital Group,918,St. John's Hospital Limerick,2600,GeneralSurgery,16-64,Adult,DayCase,GI Scope,  9-12 Months,91
24/09/2020,University of Limerick Hospital Group,918,St. John's Hospital Limerick,2600,GeneralSurgery,16-64,Adult,DayCase,GI Scope, 12-15 Months,34
24/09/2020,University of Limerick Hospital Group,918,St. John's Hospital Limerick,2600,GeneralSurgery,16-64,Adult,DayCase,GI Scope, 15-18 Months,33
24/09/2020,University of Limerick Hospital Group,918,St. John's Hospital Limerick,2600,GeneralSurgery,16-64,Adult,DayCase,GI Scope,18+ Months,10
24/09/2020,University of Limerick Hospital Group,918,St. John's Hospital Limerick,2600,GeneralSurgery,65+,Adult,DayCase,GI Scope,  0-3 Months,54
24/09/2020,University of Limerick Hospital Group,918,St. John's Hospital Limerick,2600,GeneralSurgery,65+,Adult,DayCase,GI Scope,  3-6 Months,21
24/09/2020,University of Limerick Hospital Group,918,St. John's Hospital Limerick,2600,GeneralSurgery,65+,Adult,DayCase,GI Scope,  6-9 Months,66
24/09/2020,University of Limerick Hospital Group,918,St. John's Hospital Limerick,2600,GeneralSurgery,65+,Adult,DayCase,GI Scope,  9-12 Months,44
24/09/2020,University of Limerick Hospital Group,918,St. John's Hospital Limerick,2600,GeneralSurgery,65+,Adult,DayCase,GI Scope, 12-15 Months,20
24/09/2020,University of Limerick Hospital Group,918,St. John's Hospital Limerick,2600,GeneralSurgery,65+,Adult,DayCase,GI Scope, 15-18 Months,9
24/09/2020,University of Limerick Hospital Group,918,St. John's Hospital Limerick,2600,GeneralSurgery,65+,Adult,DayCase,GI Scope,18+ Months,8
24/09/2020,University of Limerick Hospital Group,918,St. John's Hospital Limerick,2600,GeneralSurgery,16-64,Adult,Inpatient,GI Scope,  9-12 Months,1
24/09/2020,University of Limerick Hospital Group,918,St. John's Hospital Limerick,2600,GeneralSurgery,65+,Adult,Inpatient,GI Scope,  0-3 Months,1
24/09/2020,University of Limerick Hospital Group,918,St. John's Hospital Limerick,5000,GeneralMedicine,16-64,Adult,DayCase,GI Scope,  3-6 Months,1
